<?xml version="1.0" encoding="utf-8"?>
<COLLADA xmlns="http://www.collada.org/2005/11/COLLADASchema" version="1.4.1" xmlns:xsi="http://www.w3.org/2001/XMLSchema-instance">
  <asset>
    <contributor>
      <author>Blender User</author>
      <authoring_tool>Blender 3.6.23 commit date:2025-06-16, commit time:11:52, hash:e467db79ca8c</authoring_tool>
    </contributor>
    <created>2026-07-29T16:44:53</created>
    <modified>2026-07-29T16:44:53</modified>
    <unit name="meter" meter="1"/>
    <up_axis>Z_UP</up_axis>
  </asset>
  <library_effects>
    <effect id="material-effect">
      <profile_COMMON>
        <newparam sid="Image_0-surface">
          <surface type="2D">
            <init_from>Image_0</init_from>
          </surface>
        </newparam>
        <newparam sid="Image_0-sampler">
          <sampler2D>
            <source>Image_0-surface</source>
          </sampler2D>
        </newparam>
        <technique sid="common">
          <lambert>
            <emission>
              <color sid="emission">0 0 0 1</color>
            </emission>
            <diffuse>
              <texture texture="Image_0" texcoord="UVMap"/>
            </diffuse>
            <index_of_refraction>
              <float sid="ior">1.5</float>
            </index_of_refraction>
          </lambert>
        </technique>
      </profile_COMMON>
    </effect>
    <effect id="material_1-effect">
      <profile_COMMON>
        <newparam sid="Image_2-surface">
          <surface type="2D">
            <init_from>Image_2</init_from>
          </surface>
        </newparam>
        <newparam sid="Image_2-sampler">
          <sampler2D>
            <source>Image_2-surface</source>
          </sampler2D>
        </newparam>
        <technique sid="common">
          <lambert>
            <emission>
              <color sid="emission">0 0 0 1</color>
            </emission>
            <diffuse>
              <texture texture="Image_2" texcoord="UVMap"/>
            </diffuse>
            <index_of_refraction>
              <float sid="ior">1.5</float>
            </index_of_refraction>
          </lambert>
        </technique>
      </profile_COMMON>
    </effect>
    <effect id="material_2-effect">
      <profile_COMMON>
        <newparam sid="Image_5-surface">
          <surface type="2D">
            <init_from>Image_5</init_from>
          </surface>
        </newparam>
        <newparam sid="Image_5-sampler">
          <sampler2D>
            <source>Image_5-surface</source>
          </sampler2D>
        </newparam>
        <technique sid="common">
          <lambert>
            <emission>
              <color sid="emission">0 0 0 1</color>
            </emission>
            <diffuse>
              <texture texture="Image_5" texcoord="UVMap"/>
            </diffuse>
            <index_of_refraction>
              <float sid="ior">1.5</float>
            </index_of_refraction>
          </lambert>
        </technique>
      </profile_COMMON>
    </effect>
    <effect id="material_3-effect">
      <profile_COMMON>
        <newparam sid="Image_8-surface">
          <surface type="2D">
            <init_from>Image_8</init_from>
          </surface>
        </newparam>
        <newparam sid="Image_8-sampler">
          <sampler2D>
            <source>Image_8-surface</source>
          </sampler2D>
        </newparam>
        <technique sid="common">
          <lambert>
            <emission>
              <color sid="emission">0 0 0 1</color>
            </emission>
            <diffuse>
              <texture texture="Image_8" texcoord="UVMap"/>
            </diffuse>
            <index_of_refraction>
              <float sid="ior">1.5</float>
            </index_of_refraction>
          </lambert>
        </technique>
      </profile_COMMON>
    </effect>
    <effect id="material_4-effect">
      <profile_COMMON>
        <newparam sid="Image_11-surface">
          <surface type="2D">
            <init_from>Image_11</init_from>
          </surface>
        </newparam>
        <newparam sid="Image_11-sampler">
          <sampler2D>
            <source>Image_11-surface</source>
          </sampler2D>
        </newparam>
        <technique sid="common">
          <lambert>
            <emission>
              <color sid="emission">0 0 0 1</color>
            </emission>
            <diffuse>
              <texture texture="Image_11" texcoord="UVMap"/>
            </diffuse>
            <index_of_refraction>
              <float sid="ior">1.5</float>
            </index_of_refraction>
          </lambert>
        </technique>
      </profile_COMMON>
    </effect>
    <effect id="material_5-effect">
      <profile_COMMON>
        <newparam sid="Image_14-surface">
          <surface type="2D">
            <init_from>Image_14</init_from>
          </surface>
        </newparam>
        <newparam sid="Image_14-sampler">
          <sampler2D>
            <source>Image_14-surface</source>
          </sampler2D>
        </newparam>
        <technique sid="common">
          <lambert>
            <emission>
              <color sid="emission">0 0 0 1</color>
            </emission>
            <diffuse>
              <texture texture="Image_14" texcoord="UVMap"/>
            </diffuse>
            <index_of_refraction>
              <float sid="ior">1.5</float>
            </index_of_refraction>
          </lambert>
        </technique>
      </profile_COMMON>
    </effect>
    <effect id="Stol-effect">
      <profile_COMMON>
        <newparam sid="Image_17-surface">
          <surface type="2D">
            <init_from>Image_17</init_from>
          </surface>
        </newparam>
        <newparam sid="Image_17-sampler">
          <sampler2D>
            <source>Image_17-surface</source>
          </sampler2D>
        </newparam>
        <technique sid="common">
          <lambert>
            <emission>
              <color sid="emission">0 0 0 1</color>
            </emission>
            <diffuse>
              <texture texture="Image_17" texcoord="UVMap"/>
            </diffuse>
            <index_of_refraction>
              <float sid="ior">1.5</float>
            </index_of_refraction>
          </lambert>
        </technique>
      </profile_COMMON>
    </effect>
  </library_effects>
  <library_images>
    <image id="Image_0" name="Image_0">
      <init_from>Image_0.png</init_from>
    </image>
    <image id="Image_11" name="Image_11">
      <init_from>Image_11.png</init_from>
    </image>
    <image id="Image_14" name="Image_14">
      <init_from>Image_14.png</init_from>
    </image>
    <image id="Image_17" name="Image_17">
      <init_from>Image_17.png</init_from>
    </image>
    <image id="Image_2" name="Image_2">
      <init_from>Image_2.png</init_from>
    </image>
    <image id="Image_5" name="Image_5">
      <init_from>Image_5.png</init_from>
    </image>
    <image id="Image_8" name="Image_8">
      <init_from>Image_8.png</init_from>
    </image>
  </library_images>
  <library_materials>
    <material id="material-material" name="material">
      <instance_effect url="#material-effect"/>
    </material>
    <material id="material_1-material" name="material_1">
      <instance_effect url="#material_1-effect"/>
    </material>
    <material id="material_2-material" name="material_2">
      <instance_effect url="#material_2-effect"/>
    </material>
    <material id="material_3-material" name="material_3">
      <instance_effect url="#material_3-effect"/>
    </material>
    <material id="material_4-material" name="material_4">
      <instance_effect url="#material_4-effect"/>
    </material>
    <material id="material_5-material" name="material_5">
      <instance_effect url="#material_5-effect"/>
    </material>
    <material id="Stol-material" name="Stol">
      <instance_effect url="#Stol-effect"/>
    </material>
  </library_materials>
  <library_geometries>
    <geometry id="__0-mesh" name="5_0">
      <mesh>
        <source id="__0-mesh-positions">
          <float_array id="__0-mesh-positions-array" count="792">-0.004819989 -0.01533997 0.1594099 -0.004819989 0.08941 0.1594099 -0.38898 0.08941 0.1594099 -0.38898 -0.01533997 0.1594099 -0.004819989 -0.09450995 0.16451 -0.004819989 -0.09450995 -0.16451 -0.00130999 -0.09450995 -0.16451 -0.00130999 -0.09450995 0.16451 0 -0.09319996 -0.16319 0 0.09319996 -0.16319 0 0.09319996 0.16319 0 -0.09319996 0.16319 -0.004819989 0.09450995 -0.16451 -0.004819989 0.09450995 0.16451 -0.00130999 0.09450995 0.16451 -0.00130999 0.09450995 -0.16451 -0.004819989 0.09450995 0.16451 -0.004819989 -0.09450995 0.16451 -0.00130999 -0.09450995 0.16451 -0.00130999 0.09450995 0.16451 -0.004819989 -0.01533997 -0.1594099 -0.004819989 0.08941 -0.1594099 -0.004819989 0.09450995 -0.16451 -0.004819989 -0.09450995 -0.16451 -0.004819989 0.08941 0.1594099 -0.004819989 0.09450995 0.16451 -0.004819989 -0.01533997 0.1594099 -0.004819989 -0.09450995 0.16451 -0.38898 -0.01533997 -0.1594099 -0.38898 -0.01533997 0.1594099 -0.38898 0.08941 0.1594099 -0.38898 0.08941 -0.1594099 -0.004819989 0.08941 -0.1594099 -0.004819989 -0.01533997 -0.1594099 -0.38898 -0.01533997 -0.1594099 -0.38898 0.08941 -0.1594099 -0.37882 -0.01533997 -0.14925 -0.01497995 -0.01533997 -0.14925 -0.01497995 0.08590996 -0.14925 -0.37882 0.08590996 -0.14925 -0.004819989 0.08941 0.1594099 -0.004819989 0.08941 -0.1594099 -0.38898 0.08941 -0.1594099 -0.38898 0.08941 0.1594099 -0.01497995 -0.01533997 0.14925 -0.01497995 -0.01533997 -0.14925 -0.004819989 -0.01533997 -0.1594099 -0.004819989 -0.01533997 0.1594099 -0.37882 -0.01533997 -0.14925 -0.37882 -0.01533997 0.14925 -0.38898 -0.01533997 0.1594099 -0.38898 -0.01533997 -0.1594099 -0.01497995 0.08590996 -0.14925 -0.01497995 0.08590996 0.14925 -0.37882 0.08590996 0.14925 -0.37882 0.08590996 -0.14925 -0.37882 -0.01533997 0.14925 -0.37882 -0.01533997 -0.14925 -0.37882 0.08590996 -0.14925 -0.37882 0.08590996 0.14925 -0.01497995 -0.01533997 0.14925 -0.37882 -0.01533997 0.14925 -0.37882 0.08590996 0.14925 -0.01497995 0.08590996 0.14925 -0.01497995 -0.01533997 -0.14925 -0.01497995 -0.01533997 0.14925 -0.01497995 0.08590996 0.14925 -0.01497995 0.08590996 -0.14925 -0.00130999 -0.09450995 -0.16451 -0.00130999 0.09450995 -0.16451 0 0.09319996 -0.16319 0 -0.09319996 -0.16319 0 0.09319996 0.16319 0 0.09319996 -0.16319 -0.00130999 0.09450995 -0.16451 -0.00130999 0.09450995 0.16451 -0.00130999 0.09450995 0.16451 -0.00130999 -0.09450995 0.16451 0 -0.09319996 0.16319 0 0.09319996 0.16319 0 -0.09319996 -0.16319 0 -0.09319996 0.16319 -0.00130999 -0.09450995 0.16451 -0.00130999 -0.09450995 -0.16451 -0.004819989 -0.09450995 -0.16451 -0.004819989 0.09450995 -0.16451 -0.00130999 0.09450995 -0.16451 -0.00130999 -0.09450995 -0.16451 0.007919967 -0.02050995 0.03178995 0.007919967 -0.03031998 0.03178995 -4.5e-4 -0.03031998 0.08423995 -4.5e-4 -0.02050995 0.08423995 0.007009983 -0.02274 0.08113998 0.007009983 -0.02809 0.08113998 0.01438999 -0.02809 0.03488999 0.01438999 -0.02274 0.03488999 0.01274996 -0.03031998 -0.03109997 0.007919967 -0.03031998 -0.03109997 -4.5e-4 -0.03031998 -0.08354997 0.004379987 -0.03031998 -0.08354997 0.007919967 -0.02050995 -0.03109997 0.01274996 -0.02050995 -0.03109997 0.004379987 -0.02050995 -0.08354997 -4.5e-4 -0.02050995 -0.08354997 0.01438999 -0.02274 -0.03419995 0.01438999 -0.02809 -0.03419995 0.007009983 -0.02809 -0.08044999 0.007009983 -0.02274 -0.08044999 -4.5e-4 -0.02050995 0.08423995 0.004379987 -0.02050995 0.08423995 0.01274996 -0.02050995 0.03178995 0.007919967 -0.02050995 0.03178995 0.01488 -0.02274 0.02859997 0.01488 -0.02809 0.02859997 0.01488 -0.02809 -0.02790999 0.01488 -0.02274 -0.02790999 -4.5e-4 -0.02050995 0.08423995 -4.5e-4 -0.03031998 0.08423995 0.004379987 -0.03031998 0.08423995 0.004379987 -0.02050995 0.08423995 0.01274996 -0.03031998 0.03178995 0.007919967 -0.03031998 0.03178995 0.004379987 -0.03031998 0.08423995 -4.5e-4 -0.03031998 0.08423995 -4.5e-4 -0.02050995 -0.08354997 -4.5e-4 -0.03031998 -0.08354997 0.007919967 -0.03031998 -0.03109997 0.007919967 -0.02050995 -0.03109997 0.007919967 -0.02050995 -0.03109997 0.007919967 -0.03031998 -0.03109997 0.007919967 -0.03031998 0.03178995 0.007919967 -0.02050995 0.03178995 0.01438999 -0.02274 -0.03419995 0.01398998 -0.02115994 -0.03279995 0.01448994 -0.02132999 -0.03110998 0.01473999 -0.02274 -0.03106999 0.01274996 -0.02050995 -0.03109997 0.01425999 -0.02115994 -0.02948999 0.01448994 -0.02132999 -0.03110998 0.01398998 -0.02115994 -0.03279995 0.01488 -0.02274 -0.02790999 0.01473999 -0.02274 -0.03106999 0.01448994 -0.02132999 -0.03110998 0.01425999 -0.02115994 -0.02948999 0.01438999 -0.02274 0.03488999 0.01473999 -0.02274 0.03175997 0.01448994 -0.02132999 0.03179997 0.01398998 -0.02115994 0.03349 0.01488 -0.02274 0.02859997 0.01425999 -0.02115994 0.03017997 0.01448994 -0.02132999 0.03179997 0.01473999 -0.02274 0.03175997 0.01274996 -0.02050995 0.03178995 0.01398998 -0.02115994 0.03349 0.01448994 -0.02132999 0.03179997 0.01425999 -0.02115994 0.03017997 0.01438999 -0.02809 0.03488999 0.01398998 -0.02967 0.03349 0.01448994 -0.02949994 0.03179997 0.01473999 -0.02809 0.03175997 0.01274996 -0.03031998 0.03178995 0.01425999 -0.02967 0.03017997 0.01448994 -0.02949994 0.03179997 0.01398998 -0.02967 0.03349 0.01488 -0.02809 0.02859997 0.01473999 -0.02809 0.03175997 0.01448994 -0.02949994 0.03179997 0.01425999 -0.02967 0.03017997 0.01438999 -0.02809 -0.03419995 0.01473999 -0.02809 -0.03106999 0.01448994 -0.02949994 -0.03110998 0.01398998 -0.02967 -0.03279995 0.01488 -0.02809 -0.02790999 0.01425999 -0.02967 -0.02948999 0.01448994 -0.02949994 -0.03110998 0.01473999 -0.02809 -0.03106999 0.01274996 -0.03031998 -0.03109997 0.01398998 -0.02967 -0.03279995 0.01448994 -0.02949994 -0.03110998 0.01425999 -0.02967 -0.02948999 0.007009983 -0.02809 0.08113998 0.007009983 -0.02274 0.08113998 0.006029963 -0.02115994 0.08332997 0.006029963 -0.02967 0.08332997 0.006029963 -0.02967 0.08332997 0.006029963 -0.02115994 0.08332997 0.004379987 -0.02050995 0.08423995 0.004379987 -0.03031998 0.08423995 0.01274996 -0.02050995 0.03178995 0.004379987 -0.02050995 0.08423995 0.006029963 -0.02115994 0.08332997 0.01398998 -0.02115994 0.03349 0.01398998 -0.02115994 0.03349 0.006029963 -0.02115994 0.08332997 0.007009983 -0.02274 0.08113998 0.01438999 -0.02274 0.03488999 0.01274996 -0.03031998 -0.03109997 0.004379987 -0.03031998 -0.08354997 0.006029963 -0.02967 -0.08265 0.01398998 -0.02967 -0.03279995 0.01398998 -0.02967 -0.03279995 0.006029963 -0.02967 -0.08265 0.007009983 -0.02809 -0.08044999 0.01438999 -0.02809 -0.03419995 0.004379987 -0.03031998 -0.08354997 0.004379987 -0.02050995 -0.08354997 0.006029963 -0.02115994 -0.08265 0.006029963 -0.02967 -0.08265 0.006029963 -0.02967 -0.08265 0.006029963 -0.02115994 -0.08265 0.007009983 -0.02274 -0.08044999 0.007009983 -0.02809 -0.08044999 0.004379987 -0.02050995 -0.08354997 0.01274996 -0.02050995 -0.03109997 0.01398998 -0.02115994 -0.03279995 0.006029963 -0.02115994 -0.08265 0.006029963 -0.02115994 -0.08265 0.01398998 -0.02115994 -0.03279995 0.01438999 -0.02274 -0.03419995 0.007009983 -0.02274 -0.08044999 0.01274996 -0.02050995 -0.03109997 0.01274996 -0.02050995 0.03178995 0.01425999 -0.02115994 0.03017997 0.01425999 -0.02115994 -0.02948999 0.01425999 -0.02115994 -0.02948999 0.01425999 -0.02115994 0.03017997 0.01488 -0.02274 0.02859997 0.01488 -0.02274 -0.02790999 0.004379987 -0.03031998 0.08423995 0.01274996 -0.03031998 0.03178995 0.01398998 -0.02967 0.03349 0.006029963 -0.02967 0.08332997 0.006029963 -0.02967 0.08332997 0.01398998 -0.02967 0.03349 0.01438999 -0.02809 0.03488999 0.007009983 -0.02809 0.08113998 0.01274996 -0.03031998 0.03178995 0.01274996 -0.03031998 -0.03109997 0.01425999 -0.02967 -0.02948999 0.01425999 -0.02967 0.03017997 0.01425999 -0.02967 0.03017997 0.01425999 -0.02967 -0.02948999 0.01488 -0.02809 -0.02790999 0.01488 -0.02809 0.02859997 0.01488 -0.02809 0.02859997 0.01488 -0.02274 0.02859997 0.01473999 -0.02274 0.03175997 0.01473999 -0.02809 0.03175997 0.01473999 -0.02809 0.03175997 0.01473999 -0.02274 0.03175997 0.01438999 -0.02274 0.03488999 0.01438999 -0.02809 0.03488999 0.01438999 -0.02809 -0.03419995 0.01438999 -0.02274 -0.03419995 0.01473999 -0.02274 -0.03106999 0.01473999 -0.02809 -0.03106999 0.01473999 -0.02809 -0.03106999 0.01473999 -0.02274 -0.03106999 0.01488 -0.02274 -0.02790999 0.01488 -0.02809 -0.02790999 0.004379987 -0.02050995 -0.08354997 0.004379987 -0.03031998 -0.08354997 -4.5e-4 -0.03031998 -0.08354997 -4.5e-4 -0.02050995 -0.08354997</float_array>
          <technique_common>
            <accessor source="#__0-mesh-positions-array" count="264" stride="3">
              <param name="X" type="float"/>
              <param name="Y" type="float"/>
              <param name="Z" type="float"/>
            </accessor>
          </technique_common>
        </source>
        <source id="__0-mesh-normals">
          <float_array id="__0-mesh-normals-array" count="477">0 0 1 0 -1 0 1 0 0 0 1 0 -1 0 0 -1 0 0 -1 1.38755e-7 0 -1 0 0 -1 0 0 0 0 -1 0 -1 0 0 -1 0 0.7071122 0 -0.7071014 0.707078 0 -0.7071357 0.7071119 0 -0.7071018 0.7071122 0 -0.7071014 0.7071064 0.7071072 0 0.7071122 0 0.7071014 0.7071118 0 0.7071017 0.7071119 0 0.7071018 0.7071122 0 0.7071014 0.7071064 -0.7071072 0 -0.9875052 0 -0.1575866 -0.9875052 0 -0.1575866 0.9875072 0 0.1575742 0.9875072 0 0.1575741 0 -1 2.29767e-7 0 -1 0 0.9875072 0 -0.1575742 0.9875072 0 -0.157574 0 1 0 0 1 0 0 -1 0 -0.9875052 0 0.1575865 -0.9875052 0 0.1575866 0.9472298 0.2794216 -0.1570974 0.9472342 0.2794103 -0.15709 0.9472343 0.2794104 -0.1570895 0.9472333 0.2794125 -0.1570922 0.4275566 0.9033131 -0.0349431 0.4275845 0.9032993 -0.03495782 0.4275106 0.903335 -0.03493756 0.4275607 0.9033113 -0.03493779 0.9584444 0.2852088 0.006344735 0.9584472 0.2851994 0.006341814 0.9584494 0.2851926 0.006338 0.9584438 0.285211 0.006340861 0.94723 0.2794207 0.1570975 0.9472332 0.2794122 0.1570927 0.9472345 0.2794099 0.1570898 0.9472345 0.2794092 0.1570899 0.9584446 0.2852086 -0.006344616 0.9584442 0.2852097 -0.006340622 0.9584493 0.2851926 -0.00633794 0.958447 0.2852001 -0.006341695 0.4275569 0.9033129 0.0349431 0.4275171 0.9033318 0.03494071 0.427511 0.9033349 0.03493756 0.4275439 0.9033191 0.03494489 0.9472298 -0.2794213 0.1570976 0.9472342 -0.2794103 0.1570905 0.9472343 -0.2794102 0.1570898 0.9472333 -0.2794122 0.1570925 0.427556 -0.9033133 0.03494304 0.4275429 -0.9033195 0.03494465 0.427553 -0.9033148 0.03494322 0.4275589 -0.9033122 0.03493767 0.9584445 -0.2852088 -0.006344556 0.9584471 -0.2852002 -0.006342053 0.9584493 -0.2851927 -0.006338 0.9584441 -0.2852104 -0.006340086 0.9472296 -0.2794218 -0.1570974 0.9472333 -0.2794125 -0.157092 0.9472343 -0.2794106 -0.1570895 0.947234 -0.279411 -0.1570903 0.9584445 -0.285209 0.006344616 0.9584437 -0.2852116 0.006340324 0.9584493 -0.2851927 0.006338119 0.9584472 -0.2851994 0.006342172 0.4275558 -0.9033135 -0.03494298 0.4275165 -0.9033321 -0.03494054 0.4275097 -0.9033354 -0.03493738 0.427583 -0.9032999 -0.03495734 0.9139291 1.50253e-7 0.405874 0.9139283 -1.51573e-7 0.4058758 0.9139092 0 0.4059188 0.9139097 0 0.4059174 0.4820123 0 0.8761644 0.4819713 0 0.8761871 0.4820131 0 0.876164 0.4820122 0 0.8761645 0.396417 0.9158895 0.06324708 0.3963595 0.9159149 0.06323879 0.3963384 0.9159242 0.06323587 0.3964487 0.9158754 0.06325101 0.9195504 0.3645594 0.1467098 0.9195457 0.3645708 0.1467107 0.9195471 0.3645671 0.1467108 0.9195673 0.3645153 0.1467132 0.3964574 -0.9158716 -0.06325232 0.3964415 -0.9158785 -0.06325018 0.3964257 -0.9158857 -0.06324785 0.396459 -0.9158708 -0.06325268 0.9195787 -0.3644853 -0.1467157 0.9195312 -0.3646064 -0.1467127 0.9195462 -0.364569 -0.1467113 0.9195671 -0.3645157 -0.1467131 0.4819245 2.25314e-7 -0.8762128 0.481922 -2.2538e-7 -0.8762143 0.4819223 1.20299e-7 -0.876214 0.4819251 -1.19791e-7 -0.8762125 0.9139168 0 -0.4059017 0.9138972 0 -0.4059458 0.9138972 0 -0.4059457 0.9139168 0 -0.4059015 0.3964728 0.9158649 -0.06325358 0.396404 0.9158952 -0.06324464 0.3964626 0.9158692 -0.06325346 0.396553 0.9158295 -0.06326216 0.9195068 0.3646708 -0.1467059 0.9195579 0.3645391 -0.1467124 0.9195754 0.3644922 -0.1467192 0.9195184 0.3646415 -0.1467064 0.3974111 0.9176408 -1.52442e-7 0.3974119 0.9176403 1.52737e-7 0.3974119 0.9176403 0 0.3974109 0.9176408 0 0.9296814 0.3683649 1.75719e-7 0.9296815 0.3683644 -1.7602e-7 0.9296815 0.3683644 0 0.9296814 0.3683649 0 0.3963415 -0.9159224 0.06324315 0.3964041 -0.9158952 0.06324434 0.3964241 -0.9158864 0.0632475 0.3963903 -0.9159011 0.06324696 0.9195403 -0.3645851 0.1467089 0.9195836 -0.3644696 0.1467241 0.9195473 -0.3645679 0.1467077 0.9195526 -0.3645533 0.1467105 0.3974111 -0.9176408 1.52442e-7 0.3974119 -0.9176403 -1.52737e-7 0.3974119 -0.9176403 0 0.3974109 -0.9176408 0 0.9296635 -0.3684098 -1.77866e-7 0.9296814 -0.3683648 1.75787e-7 0.9296814 -0.3683648 0 0.9296812 -0.3683653 0 0.9989554 0 0.04569709 0.9989554 0 0.04569715 0.9989554 0 0.04569709 0.9989554 0 0.04569709 0.9938061 0 0.111128 0.9938061 0 0.1111285 0.9938061 0 -0.111128 0.9938061 0 -0.1111283 0.9989554 0 -0.04569709 0.9989554 0 -0.04569703 0.9989554 0 -0.04569709 0.9989554 0 -0.04569715</float_array>
          <technique_common>
            <accessor source="#__0-mesh-normals-array" count="159" stride="3">
              <param name="X" type="float"/>
              <param name="Y" type="float"/>
              <param name="Z" type="float"/>
            </accessor>
          </technique_common>
        </source>
        <source id="__0-mesh-map-0">
          <float_array id="__0-mesh-map-0-array" count="864">0.2000499 0.62292 0.31091 0.62292 0.31091 0.24343 0.2000499 0.62292 0.31091 0.24343 0.2000499 0.24343 0.33196 0.1297399 0.33196 0.45635 0.33563 0.45635 0.33196 0.1297399 0.33563 0.45635 0.33563 0.1297399 0.6533 0.6271 0.85057 0.6271 0.85057 0.3031 0.6533 0.6271 0.85057 0.3031 0.6533 0.3031 0.32667 0.1297399 0.32667 0.45635 0.33031 0.45635 0.32667 0.1297399 0.33031 0.45635 0.33031 0.1297399 0.7799 0.3031 0.7799 0.1154599 0.7762 0.1154599 0.7799 0.3031 0.7762 0.1154599 0.7762 0.3031 0.11626 0.61786 0.005399942 0.61786 0 0.62292 0.11626 0.61786 0 0.62292 0.2000499 0.62292 0.005399942 0.61786 0.005399942 0.30138 0 0.29632 0.005399942 0.61786 0 0.29632 0 0.62292 0.005399942 0.30138 0.11626 0.30138 0.2000499 0.29632 0.005399942 0.30138 0.2000499 0.29632 0 0.29632 0.11626 0.30138 0.11626 0.61786 0.2000499 0.62292 0.11626 0.30138 0.2000499 0.62292 0.2000499 0.29632 1 1 1 0.68351 0.88913 0.68351 1 1 0.88913 0.68351 0.88913 1 0.96144 0.2476099 0.85057 0.2476099 0.85057 0.6271 0.96144 0.2476099 0.85057 0.6271 0.96144 0.6271 0.88913 1 0.88913 0.64058 0.78197 0.64058 0.88913 1 0.78197 0.64058 0.78197 1 0.3374 1 0.67481 1 0.67481 0.6271 0.3374 1 0.67481 0.6271 0.3374 0.6271 0.01074999 0.6329 0.32665 0.6329 0.3374 0.62292 0.01074999 0.6329 0.3374 0.62292 0 0.62292 0.32665 0.99003 0.01074999 0.99003 0 1 0.32665 0.99003 0 1 0.3374 1 0.01074999 0.99003 0.01074999 0.6329 0 0.62292 0.01074999 0.99003 0 0.62292 0 1 0.32665 0.6329 0.32665 0.99003 0.3374 1 0.32665 0.6329 0.3374 1 0.3374 0.62292 0.3374 0.6271 0.6533 0.6271 0.6533 0.26997 0.3374 0.6271 0.6533 0.26997 0.3374 0.26997 0.6533 0.006789982 0.6533 0.3031 0.76047 0.3031 0.6533 0.006789982 0.76047 0.3031 0.76047 0.006789982 0.78197 1 0.78197 0.64058 0.67481 0.64058 0.78197 1 0.67481 0.64058 0.67481 1 0 0 0 0.29632 0.10716 0.29632 0 0 0.10716 0.29632 0.10716 0 0.77098 0.3031 0.77098 0.1154599 0.76946 0.11676 0.77098 0.3031 0.76946 0.11676 0.76946 0.3018 0.33196 0.45505 0.33196 0.1310499 0.33031 0.1297399 0.33196 0.45505 0.33031 0.1297399 0.33031 0.45635 0.7762 0.3031 0.7762 0.1154599 0.77468 0.11676 0.7762 0.3031 0.77468 0.11676 0.77468 0.3018 0.33721 0.45505 0.33721 0.1310499 0.33563 0.1297399 0.33721 0.45505 0.33563 0.1297399 0.33563 0.45635 0.77468 0.3031 0.77468 0.1154599 0.77098 0.1154599 0.77468 0.3031 0.77098 0.1154599 0.77098 0.3031 0.33705 0.57085 0.32667 0.57085 0.32667 0.62292 0.33705 0.57085 0.32667 0.62292 0.33705 0.62292 0.76213 0.30092 0.7678 0.30092 0.7678 0.25501 0.76213 0.30092 0.7678 0.25501 0.76213 0.25501 0.31286 0.50842 0.31792 0.50842 0.32667 0.45635 0.31286 0.50842 0.32667 0.45635 0.32162 0.45635 0.31801 0.40428 0.31301 0.40428 0.32167 0.45635 0.31801 0.40428 0.32167 0.45635 0.32667 0.45635 0.76213 0.18642 0.7678 0.18642 0.7678 0.14051 0.76213 0.18642 0.7678 0.14051 0.76213 0.14051 0.32667 0.28978 0.32167 0.28978 0.31301 0.34185 0.32667 0.28978 0.31301 0.34185 0.31801 0.34185 0.76213 0.2487599 0.7678 0.2487599 0.7678 0.1926699 0.76213 0.2487599 0.7678 0.1926699 0.76213 0.1926699 0.68866 0.64058 0.68866 0.63084 0.68357 0.63084 0.68866 0.64058 0.68357 0.63084 0.68357 0.64058 0.31286 0.57085 0.31792 0.57085 0.31792 0.50842 0.31286 0.57085 0.31792 0.50842 0.31286 0.50842 0.32162 0.62292 0.32667 0.62292 0.31792 0.57085 0.32162 0.62292 0.31792 0.57085 0.31286 0.57085 0.31801 0.34185 0.31301 0.34185 0.31301 0.40428 0.31801 0.34185 0.31301 0.40428 0.31801 0.40428 0.33705 0.45635 0.32667 0.45635 0.32667 0.50842 0.33705 0.45635 0.32667 0.50842 0.33705 0.50842 0.33705 0.50842 0.32667 0.50842 0.32667 0.57085 0.33705 0.50842 0.32667 0.57085 0.33705 0.57085 0.76213 0.18642 0.76047 0.18782 0.76065 0.18949 0.76213 0.18642 0.76065 0.18949 0.76213 0.18953 0.31301 0.40428 0.31131 0.40269 0.31104 0.4043 0.31301 0.40428 0.31104 0.4043 0.31159 0.40597 0.76213 0.1926699 0.76213 0.18953 0.76065 0.18949 0.76213 0.1926699 0.76065 0.18949 0.76047 0.1911 0.76213 0.25501 0.76213 0.25191 0.76065 0.25194 0.76213 0.25501 0.76065 0.25194 0.76047 0.25362 0.76213 0.2487599 0.76047 0.25034 0.76065 0.25194 0.76213 0.2487599 0.76065 0.25194 0.76213 0.25191 0.31301 0.34185 0.31159 0.34017 0.31104 0.34184 0.31301 0.34185 0.31104 0.34184 0.31131 0.34345 0.7678 0.25501 0.76946 0.25362 0.76929 0.25194 0.7678 0.25501 0.76929 0.25194 0.7678 0.25191 0.31286 0.57085 0.31118 0.56926 0.31091 0.5708701 0.31286 0.57085 0.31091 0.5708701 0.31146 0.57254 0.7678 0.2487599 0.7678 0.25191 0.76929 0.25194 0.7678 0.2487599 0.76929 0.25194 0.76946 0.25034 0.7678 0.18642 0.7678 0.18953 0.76929 0.18949 0.7678 0.18642 0.76929 0.18949 0.76946 0.18782 0.7678 0.1926699 0.76946 0.1911 0.76929 0.18949 0.7678 0.1926699 0.76929 0.18949 0.7678 0.18953 0.31286 0.50842 0.31146 0.50674 0.31091 0.50841 0.31286 0.50842 0.31091 0.50841 0.31118 0.51002 0.7678 0.30092 0.76213 0.30092 0.76047 0.3031 0.7678 0.30092 0.76047 0.3031 0.76946 0.3031 0.68173 0.63149 0.68173 0.63993 0.68357 0.64058 0.68173 0.63149 0.68357 0.64058 0.68357 0.63084 0.31301 0.34185 0.32167 0.28978 0.31982 0.29069 0.31301 0.34185 0.31982 0.29069 0.31159 0.34017 0.76047 0.25362 0.76047 0.3031 0.76213 0.30092 0.76047 0.25362 0.76213 0.30092 0.76213 0.25501 0.31286 0.50842 0.32162 0.45635 0.31978 0.45726 0.31286 0.50842 0.31978 0.45726 0.31146 0.50674 0.76946 0.18782 0.76946 0.1383299 0.7678 0.14051 0.76946 0.18782 0.7678 0.14051 0.7678 0.18642 0.67664 0.64058 0.67664 0.63084 0.67481 0.63149 0.67664 0.64058 0.67481 0.63149 0.67481 0.63993 0.76946 0.1383299 0.76047 0.1383299 0.76213 0.14051 0.76946 0.1383299 0.76213 0.14051 0.7678 0.14051 0.32167 0.45635 0.31301 0.40428 0.31159 0.40597 0.32167 0.45635 0.31159 0.40597 0.31982 0.45545 0.76047 0.1383299 0.76047 0.18782 0.76213 0.18642 0.76047 0.1383299 0.76213 0.18642 0.76213 0.14051 0.31301 0.40428 0.31301 0.34185 0.31131 0.34345 0.31301 0.40428 0.31131 0.34345 0.31131 0.40269 0.76047 0.1911 0.76047 0.25034 0.76213 0.2487599 0.76047 0.1911 0.76213 0.2487599 0.76213 0.1926699 0.32162 0.62292 0.31286 0.57085 0.31146 0.57254 0.32162 0.62292 0.31146 0.57254 0.31978 0.62202 0.76946 0.3031 0.76946 0.25362 0.7678 0.25501 0.76946 0.3031 0.7678 0.25501 0.7678 0.30092 0.31286 0.57085 0.31286 0.50842 0.31118 0.51002 0.31286 0.57085 0.31118 0.51002 0.31118 0.56926 0.76946 0.25034 0.76946 0.1911 0.7678 0.1926699 0.76946 0.25034 0.7678 0.1926699 0.7678 0.2487599 0.7678 0.2487599 0.76213 0.2487599 0.76213 0.25191 0.7678 0.2487599 0.76213 0.25191 0.7678 0.25191 0.7678 0.25191 0.76213 0.25191 0.76213 0.25501 0.7678 0.25191 0.76213 0.25501 0.7678 0.25501 0.7678 0.18642 0.76213 0.18642 0.76213 0.18953 0.7678 0.18642 0.76213 0.18953 0.7678 0.18953 0.7678 0.18953 0.76213 0.18953 0.76213 0.1926699 0.7678 0.18953 0.76213 0.1926699 0.7678 0.1926699 0.67664 0.63084 0.67664 0.64058 0.68173 0.64058 0.67664 0.63084 0.68173 0.64058 0.68173 0.63084</float_array>
          <technique_common>
            <accessor source="#__0-mesh-map-0-array" count="432" stride="2">
              <param name="S" type="float"/>
              <param name="T" type="float"/>
            </accessor>
          </technique_common>
        </source>
        <vertices id="__0-mesh-vertices">
          <input semantic="POSITION" source="#__0-mesh-positions"/>
        </vertices>
        <triangles material="material-material" count="144">
          <input semantic="VERTEX" source="#__0-mesh-vertices" offset="0"/>
          <input semantic="NORMAL" source="#__0-mesh-normals" offset="1"/>
          <input semantic="TEXCOORD" source="#__0-mesh-map-0" offset="2" set="0"/>
          <p>0 0 0 1 0 1 2 0 2 0 0 3 2 0 4 3 0 5 4 1 6 5 1 7 6 1 8 4 1 9 6 1 10 7 1 11 8 2 12 9 2 13 10 2 14 8 2 15 10 2 16 11 2 17 12 3 18 13 3 19 14 3 20 12 3 21 14 3 22 15 3 23 16 0 24 17 0 25 18 0 26 16 0 27 18 0 28 19 0 29 20 4 30 21 4 31 22 4 32 20 4 33 22 4 34 23 4 35 21 5 36 24 5 37 25 5 38 21 6 39 25 6 40 22 6 41 24 4 42 26 4 43 27 4 44 24 4 45 27 4 46 25 4 47 26 7 48 20 7 49 23 7 50 26 8 51 23 8 52 27 8 53 28 4 54 29 4 55 30 4 56 28 4 57 30 4 58 31 4 59 32 9 60 33 9 61 34 9 62 32 9 63 34 9 64 35 9 65 36 0 66 37 0 67 38 0 68 36 0 69 38 0 70 39 0 71 40 3 72 41 3 73 42 3 74 40 3 75 42 3 76 43 3 77 44 1 78 45 1 79 46 1 80 44 1 81 46 1 82 47 1 83 48 1 84 49 1 85 50 1 86 48 1 87 50 1 88 51 1 89 49 10 90 44 10 91 47 10 92 49 1 93 47 1 94 50 1 95 45 11 96 48 11 97 51 11 98 45 1 99 51 1 100 46 1 101 52 1 102 53 1 103 54 1 104 52 1 105 54 1 106 55 1 107 56 2 108 57 2 109 58 2 110 56 2 111 58 2 112 59 2 113 60 9 114 61 9 115 62 9 116 60 9 117 62 9 118 63 9 119 64 4 120 65 4 121 66 4 122 64 4 123 66 4 124 67 4 125 68 12 126 69 13 127 70 14 128 68 12 129 70 14 130 71 15 131 72 16 132 73 16 133 74 16 134 72 16 135 74 16 136 75 16 137 76 17 138 77 18 139 78 19 140 76 17 141 78 19 142 79 20 143 80 21 144 81 21 145 82 21 146 80 21 147 82 21 148 83 21 149 84 9 150 85 9 151 86 9 152 84 9 153 86 9 154 87 9 155 88 22 156 89 22 157 90 22 158 88 23 159 90 23 160 91 23 161 92 24 162 93 24 163 94 24 164 92 25 165 94 25 166 95 25 167 96 26 168 97 26 169 98 26 170 96 27 171 98 27 172 99 27 173 100 3 174 101 3 175 102 3 176 100 3 177 102 3 178 103 3 179 104 28 180 105 28 181 106 28 182 104 29 183 106 29 184 107 29 185 108 30 186 109 30 187 110 30 188 108 31 189 110 31 190 111 31 191 112 2 192 113 2 193 114 2 194 112 2 195 114 2 196 115 2 197 116 0 198 117 0 199 118 0 200 116 0 201 118 0 202 119 0 203 120 1 204 121 1 205 97 1 206 120 1 207 97 1 208 96 1 209 122 1 210 123 1 211 121 1 212 122 32 213 121 32 214 120 32 215 111 3 216 110 3 217 101 3 218 111 3 219 101 3 220 100 3 221 124 33 222 125 33 223 126 33 224 124 34 225 126 34 226 127 34 227 128 4 228 129 4 229 130 4 230 128 4 231 130 4 232 131 4 233 132 35 234 133 36 235 134 37 236 132 35 237 134 37 238 135 38 239 136 39 240 137 40 241 138 41 242 136 39 243 138 41 244 139 42 245 140 43 246 141 44 247 142 45 248 140 43 249 142 45 250 143 46 251 144 47 252 145 48 253 146 49 254 144 47 255 146 49 256 147 50 257 148 51 258 149 52 259 150 53 260 148 51 261 150 53 262 151 54 263 152 55 264 153 56 265 154 57 266 152 55 267 154 57 268 155 58 269 156 59 270 157 60 271 158 61 272 156 59 273 158 61 274 159 62 275 160 63 276 161 64 277 162 65 278 160 63 279 162 65 280 163 66 281 164 67 282 165 68 283 166 69 284 164 67 285 166 69 286 167 70 287 168 71 288 169 72 289 170 73 290 168 71 291 170 73 292 171 74 293 172 75 294 173 76 295 174 77 296 172 75 297 174 77 298 175 78 299 176 79 300 177 80 301 178 81 302 176 79 303 178 81 304 179 82 305 180 83 306 181 84 307 182 85 308 180 83 309 182 85 310 183 86 311 184 87 312 185 88 313 186 89 314 184 87 315 186 89 316 187 90 317 188 91 318 189 92 319 190 93 320 188 91 321 190 93 322 191 94 323 192 95 324 193 96 325 194 97 326 192 95 327 194 97 328 195 98 329 196 99 330 197 100 331 198 101 332 196 99 333 198 101 334 199 102 335 200 103 336 201 104 337 202 105 338 200 103 339 202 105 340 203 106 341 204 107 342 205 108 343 206 109 344 204 107 345 206 109 346 207 110 347 208 111 348 209 112 349 210 113 350 208 111 351 210 113 352 211 114 353 212 115 354 213 116 355 214 117 356 212 115 357 214 117 358 215 118 359 216 119 360 217 120 361 218 121 362 216 119 363 218 121 364 219 122 365 220 123 366 221 124 367 222 125 368 220 123 369 222 125 370 223 126 371 224 127 372 225 128 373 226 129 374 224 127 375 226 129 376 227 130 377 228 131 378 229 132 379 230 133 380 228 131 381 230 133 382 231 134 383 232 135 384 233 136 385 234 137 386 232 135 387 234 137 388 235 138 389 236 139 390 237 140 391 238 141 392 236 139 393 238 141 394 239 142 395 240 143 396 241 144 397 242 145 398 240 143 399 242 145 400 243 146 401 244 147 402 245 148 403 246 149 404 244 147 405 246 149 406 247 150 407 248 151 408 249 151 409 250 151 410 248 152 411 250 152 412 251 152 413 252 153 414 253 153 415 254 153 416 252 154 417 254 154 418 255 154 419 256 155 420 257 156 421 258 157 422 256 155 423 258 157 424 259 158 425 260 9 426 261 9 427 262 9 428 260 9 429 262 9 430 263 9 431</p>
        </triangles>
      </mesh>
    </geometry>
    <geometry id="__02-mesh" name="4_0">
      <mesh>
        <source id="__02-mesh-positions">
          <float_array id="__02-mesh-positions-array" count="792">-0.004819989 0.06301999 -0.15983 -0.004819989 -0.005499958 -0.15983 -0.38843 -0.005499958 -0.15983 -0.38843 0.06301999 -0.15983 -0.004819989 0.06769996 -0.16451 -0.004819989 0.06769996 0.16451 -0.00130999 0.06769996 0.16451 -0.00130999 0.06769996 -0.16451 0 -0.06638997 -0.1632 0 0.06638997 -0.1632 0 0.06638997 0.1632 0 -0.06638997 0.1632 -0.004819989 -0.06769996 0.16451 -0.004819989 -0.06769996 -0.16451 -0.00130999 -0.06769996 -0.16451 -0.00130999 -0.06769996 0.16451 -0.004819989 -0.06769996 -0.16451 -0.004819989 0.06769996 -0.16451 -0.00130999 0.06769996 -0.16451 -0.00130999 -0.06769996 -0.16451 -0.004819989 0.06301999 0.15983 -0.004819989 -0.005499958 0.15983 -0.004819989 -0.06769996 0.16451 -0.004819989 0.06769996 0.16451 -0.004819989 -0.005499958 -0.15983 -0.004819989 -0.06769996 -0.16451 -0.004819989 0.06301999 -0.15983 -0.004819989 0.06769996 -0.16451 -0.38843 -0.005499958 -0.15983 -0.38843 -0.005499958 0.15983 -0.38843 0.06301999 0.15983 -0.38843 0.06301999 -0.15983 -0.004819989 -0.005499958 0.15983 -0.004819989 0.06301999 0.15983 -0.38843 0.06301999 0.15983 -0.38843 -0.005499958 0.15983 -0.004819989 0.06301999 0.15983 -0.004819989 0.06301999 -0.15983 -0.38843 0.06301999 -0.15983 -0.38843 0.06301999 0.15983 -0.01583999 -0.005499958 0.14881 -0.37741 -0.005499958 0.14881 -0.37741 0.06013 0.14881 -0.01583999 0.06013 0.14881 -0.01583999 -0.005499958 0.14881 -0.01583999 -0.005499958 -0.14881 -0.004819989 -0.005499958 -0.15983 -0.004819989 -0.005499958 0.15983 -0.37741 -0.005499958 -0.14881 -0.37741 -0.005499958 0.14881 -0.38843 -0.005499958 0.15983 -0.38843 -0.005499958 -0.15983 -0.01583999 0.06013 -0.14881 -0.01583999 0.06013 0.14881 -0.37741 0.06013 0.14881 -0.37741 0.06013 -0.14881 -0.37741 -0.005499958 0.14881 -0.37741 -0.005499958 -0.14881 -0.37741 0.06013 -0.14881 -0.37741 0.06013 0.14881 -0.37741 -0.005499958 -0.14881 -0.01583999 -0.005499958 -0.14881 -0.01583999 0.06013 -0.14881 -0.37741 0.06013 -0.14881 -0.01583999 -0.005499958 -0.14881 -0.01583999 -0.005499958 0.14881 -0.01583999 0.06013 0.14881 -0.01583999 0.06013 -0.14881 -0.00130999 0.06769996 0.16451 -0.00130999 -0.06769996 0.16451 0 -0.06638997 0.1632 0 0.06638997 0.1632 0 -0.06638997 -0.1632 0 -0.06638997 0.1632 -0.00130999 -0.06769996 0.16451 -0.00130999 -0.06769996 -0.16451 -0.00130999 -0.06769996 -0.16451 -0.00130999 0.06769996 -0.16451 0 0.06638997 -0.1632 0 -0.06638997 -0.1632 -0.00130999 0.06769996 -0.16451 -0.00130999 0.06769996 0.16451 0 0.06638997 0.1632 0 0.06638997 -0.1632 -0.004819989 0.06769996 0.16451 -0.004819989 -0.06769996 0.16451 -0.00130999 -0.06769996 0.16451 -0.00130999 0.06769996 0.16451 0.007879972 -0.005099952 0.03178995 0.007879972 -0.01490998 0.03178995 -4.9e-4 -0.01490998 0.08423995 -4.9e-4 -0.005099952 0.08423995 0.006969988 -0.00733 0.08113998 0.006969988 -0.01267999 0.08113998 0.01434999 -0.01267999 0.03488999 0.01434999 -0.00733 0.03488999 0.01271998 -0.01490998 -0.03109997 0.007879972 -0.01490998 -0.03109997 -4.9e-4 -0.01490998 -0.08354997 0.004349946 -0.01490998 -0.08354997 0.007879972 -0.005099952 -0.03109997 0.01271998 -0.005099952 -0.03109997 0.004349946 -0.005099952 -0.08354997 -4.9e-4 -0.005099952 -0.08354997 0.01434999 -0.00733 -0.03419995 0.01434999 -0.01267999 -0.03419995 0.006969988 -0.01267999 -0.08044999 0.006969988 -0.00733 -0.08044999 -4.9e-4 -0.005099952 0.08423995 0.004349946 -0.005099952 0.08423995 0.01271998 -0.005099952 0.03178995 0.007879972 -0.005099952 0.03178995 0.01484996 -0.00733 0.02859997 0.01484996 -0.01267999 0.02859997 0.01484996 -0.01267999 -0.02790999 0.01484996 -0.00733 -0.02790999 -4.9e-4 -0.005099952 0.08423995 -4.9e-4 -0.01490998 0.08423995 0.004349946 -0.01490998 0.08423995 0.004349946 -0.005099952 0.08423995 0.01271998 -0.01490998 0.03178995 0.007879972 -0.01490998 0.03178995 0.004349946 -0.01490998 0.08423995 -4.9e-4 -0.01490998 0.08423995 -4.9e-4 -0.005099952 -0.08354997 -4.9e-4 -0.01490998 -0.08354997 0.007879972 -0.01490998 -0.03109997 0.007879972 -0.005099952 -0.03109997 0.007879972 -0.005099952 -0.03109997 0.007879972 -0.01490998 -0.03109997 0.007879972 -0.01490998 0.03178995 0.007879972 -0.005099952 0.03178995 0.01434999 -0.00733 -0.03419995 0.01394999 -0.005759954 -0.03279995 0.01444995 -0.005919992 -0.03110998 0.01469999 -0.00733 -0.03106999 0.01271998 -0.005099952 -0.03109997 0.01421999 -0.005759954 -0.02948999 0.01444995 -0.005919992 -0.03110998 0.01394999 -0.005759954 -0.03279995 0.01484996 -0.00733 -0.02790999 0.01469999 -0.00733 -0.03106999 0.01444995 -0.005919992 -0.03110998 0.01421999 -0.005759954 -0.02948999 0.01434999 -0.00733 0.03488999 0.01469999 -0.00733 0.03175997 0.01444995 -0.005919992 0.03179997 0.01394999 -0.005759954 0.03349 0.01484996 -0.00733 0.02859997 0.01421999 -0.005759954 0.03017997 0.01444995 -0.005919992 0.03179997 0.01469999 -0.00733 0.03175997 0.01271998 -0.005099952 0.03178995 0.01394999 -0.005759954 0.03349 0.01444995 -0.005919992 0.03179997 0.01421999 -0.005759954 0.03017997 0.01434999 -0.01267999 0.03488999 0.01394999 -0.01425999 0.03349 0.01444995 -0.01409 0.03179997 0.01469999 -0.01267999 0.03175997 0.01271998 -0.01490998 0.03178995 0.01421999 -0.01425999 0.03017997 0.01444995 -0.01409 0.03179997 0.01394999 -0.01425999 0.03349 0.01484996 -0.01267999 0.02859997 0.01469999 -0.01267999 0.03175997 0.01444995 -0.01409 0.03179997 0.01421999 -0.01425999 0.03017997 0.01434999 -0.01267999 -0.03419995 0.01469999 -0.01267999 -0.03106999 0.01444995 -0.01409 -0.03110998 0.01394999 -0.01425999 -0.03279995 0.01484996 -0.01267999 -0.02790999 0.01421999 -0.01425999 -0.02948999 0.01444995 -0.01409 -0.03110998 0.01469999 -0.01267999 -0.03106999 0.01271998 -0.01490998 -0.03109997 0.01394999 -0.01425999 -0.03279995 0.01444995 -0.01409 -0.03110998 0.01421999 -0.01425999 -0.02948999 0.006969988 -0.01267999 0.08113998 0.006969988 -0.00733 0.08113998 0.005999982 -0.005759954 0.08332997 0.005999982 -0.01425999 0.08332997 0.005999982 -0.01425999 0.08332997 0.005999982 -0.005759954 0.08332997 0.004349946 -0.005099952 0.08423995 0.004349946 -0.01490998 0.08423995 0.01271998 -0.005099952 0.03178995 0.004349946 -0.005099952 0.08423995 0.005999982 -0.005759954 0.08332997 0.01394999 -0.005759954 0.03349 0.01394999 -0.005759954 0.03349 0.005999982 -0.005759954 0.08332997 0.006969988 -0.00733 0.08113998 0.01434999 -0.00733 0.03488999 0.01271998 -0.01490998 -0.03109997 0.004349946 -0.01490998 -0.08354997 0.005999982 -0.01425999 -0.08265 0.01394999 -0.01425999 -0.03279995 0.01394999 -0.01425999 -0.03279995 0.005999982 -0.01425999 -0.08265 0.006969988 -0.01267999 -0.08044999 0.01434999 -0.01267999 -0.03419995 0.004349946 -0.01490998 -0.08354997 0.004349946 -0.005099952 -0.08354997 0.005999982 -0.005759954 -0.08265 0.005999982 -0.01425999 -0.08265 0.005999982 -0.01425999 -0.08265 0.005999982 -0.005759954 -0.08265 0.006969988 -0.00733 -0.08044999 0.006969988 -0.01267999 -0.08044999 0.004349946 -0.005099952 -0.08354997 0.01271998 -0.005099952 -0.03109997 0.01394999 -0.005759954 -0.03279995 0.005999982 -0.005759954 -0.08265 0.005999982 -0.005759954 -0.08265 0.01394999 -0.005759954 -0.03279995 0.01434999 -0.00733 -0.03419995 0.006969988 -0.00733 -0.08044999 0.01271998 -0.005099952 -0.03109997 0.01271998 -0.005099952 0.03178995 0.01421999 -0.005759954 0.03017997 0.01421999 -0.005759954 -0.02948999 0.01421999 -0.005759954 -0.02948999 0.01421999 -0.005759954 0.03017997 0.01484996 -0.00733 0.02859997 0.01484996 -0.00733 -0.02790999 0.004349946 -0.01490998 0.08423995 0.01271998 -0.01490998 0.03178995 0.01394999 -0.01425999 0.03349 0.005999982 -0.01425999 0.08332997 0.005999982 -0.01425999 0.08332997 0.01394999 -0.01425999 0.03349 0.01434999 -0.01267999 0.03488999 0.006969988 -0.01267999 0.08113998 0.01271998 -0.01490998 0.03178995 0.01271998 -0.01490998 -0.03109997 0.01421999 -0.01425999 -0.02948999 0.01421999 -0.01425999 0.03017997 0.01421999 -0.01425999 0.03017997 0.01421999 -0.01425999 -0.02948999 0.01484996 -0.01267999 -0.02790999 0.01484996 -0.01267999 0.02859997 0.01484996 -0.01267999 0.02859997 0.01484996 -0.00733 0.02859997 0.01469999 -0.00733 0.03175997 0.01469999 -0.01267999 0.03175997 0.01469999 -0.01267999 0.03175997 0.01469999 -0.00733 0.03175997 0.01434999 -0.00733 0.03488999 0.01434999 -0.01267999 0.03488999 0.01434999 -0.01267999 -0.03419995 0.01434999 -0.00733 -0.03419995 0.01469999 -0.00733 -0.03106999 0.01469999 -0.01267999 -0.03106999 0.01469999 -0.01267999 -0.03106999 0.01469999 -0.00733 -0.03106999 0.01484996 -0.00733 -0.02790999 0.01484996 -0.01267999 -0.02790999 0.004349946 -0.005099952 -0.08354997 0.004349946 -0.01490998 -0.08354997 -4.9e-4 -0.01490998 -0.08354997 -4.9e-4 -0.005099952 -0.08354997</float_array>
          <technique_common>
            <accessor source="#__02-mesh-positions-array" count="264" stride="3">
              <param name="X" type="float"/>
              <param name="Y" type="float"/>
              <param name="Z" type="float"/>
            </accessor>
          </technique_common>
        </source>
        <source id="__02-mesh-normals">
          <float_array id="__02-mesh-normals-array" count="465">0 0 -1 0 1 0 1 0 0 0 -1 0 -1 0 0 -1 0 0 -1 0 0 -1 1.55635e-7 0 -1 -1.51207e-7 0 0 0 1 0 -1 0 0 -1 0 0.7070943 0 0.7071194 0.7071133 0 0.7071004 0.7071064 -0.7071073 0 0.7070943 0 -0.7071194 0.7071133 0 -0.7071004 0.7071064 0.7071073 0 -0.9875052 0 -0.1575866 -0.9875052 0 -0.1575866 0.9875072 0 0.1575741 0.9875072 0 0.1575741 0 -1 0 0 -1 0 0 1 0 0.9875072 0 -0.1575741 0.9875072 0 -0.1575741 0 1 0 0 -1 0 -0.9875052 0 0.1575866 -0.9875052 0 0.1575866 0.9472362 0.2794044 -0.1570892 0.9472423 0.2793897 -0.1570784 0.9472334 0.279412 -0.1570915 0.9472333 0.2794122 -0.1570923 0.427337 0.9034211 -0.03483748 0.4275272 0.9033265 -0.03495419 0.4274893 0.9033431 -0.03498917 0.4275286 0.9033262 -0.03494602 0.9584453 0.285206 0.006342649 0.9584479 0.2851976 0.00633639 0.9584448 0.2852077 0.006344079 0.9584423 0.2852162 0.006348609 0.9472364 0.2794035 0.1570892 0.9472333 0.279412 0.1570928 0.9472336 0.2794115 0.1570917 0.9472273 0.2794297 0.1570969 0.9584454 0.2852059 -0.006342649 0.9584422 0.2852166 -0.006348431 0.958445 0.2852073 -0.00634402 0.9584481 0.2851969 -0.006336271 0.4274148 0.9033827 0.03487902 0.4275286 0.9033262 0.03494614 0.427547 0.9033187 0.03491628 0.4275273 0.9033265 0.03495413 0.9472299 -0.279423 0.157094 0.9472342 -0.2794103 0.1570905 0.9472343 -0.27941 0.1570901 0.9472333 -0.279412 0.1570929 0.4275818 -0.9033012 0.03493893 0.427489 -0.9033415 0.03503578 0.4274637 -0.9033565 0.03495687 0.4275211 -0.9033306 0.03492283 0.9584485 -0.2851952 -0.00633651 0.9584481 -0.2851969 -0.006336271 0.9584453 -0.2852059 -0.006342172 0.958451 -0.2851868 -0.006330013 0.9472296 -0.2794216 -0.1570976 0.9472333 -0.2794122 -0.1570925 0.9472343 -0.2794103 -0.1570898 0.947234 -0.279411 -0.1570903 0.9584484 -0.2851956 0.006336629 0.958451 -0.2851871 0.006330311 0.9584452 -0.2852065 0.006342291 0.9584479 -0.2851976 0.00633639 0.4274516 -0.9033629 -0.03494119 0.4275027 -0.9033409 -0.0348795 0.4273788 -0.9033957 -0.03497916 0.427507 -0.9033346 -0.03499191 0.913939 0 0.4058518 0.9139776 0 0.4057648 0.9139583 0 0.4058083 0.9139779 0 0.4057639 0.4820166 0 0.8761621 0.4820968 0 0.876118 0.4819715 0 0.876187 0.4819751 0 0.8761849 0.3964643 0.9158685 0.06325358 0.3964272 0.915885 0.0632475 0.3964385 0.91588 0.06324988 0.3964513 0.9158743 0.06325173 0.9195677 0.3645151 0.1467115 0.9195676 0.3645151 0.1467114 0.9195677 0.3645151 0.1467115 0.9195338 0.3646013 0.1467094 0.9195338 0.3646013 0.1467095 0.9195339 0.3646013 0.1467095 0.3964423 -0.9158782 -0.0632503 0.3964423 -0.9158782 -0.0632503 0.3964424 -0.9158783 -0.0632503 0.3965646 -0.9158258 -0.06324326 0.9195475 -0.3645667 -0.1467095 0.9195507 -0.3645585 -0.1467102 0.9195563 -0.3645439 -0.1467109 0.9195671 -0.3645157 -0.1467131 0.4819179 2.26984e-7 -0.8762164 0.4819287 0 -0.8762104 0.4819274 -2.28458e-7 -0.8762112 0.4819579 -1.20956e-7 -0.8761945 0.9139611 0 -0.4058018 0.9139411 0 -0.4058471 0.9139412 0 -0.4058467 0.9139419 0 -0.4058449 0.3964313 0.915883 -0.06324845 0.396471 0.9158655 -0.06325465 0.3964552 0.9158725 -0.06325244 0.3964365 0.9158808 -0.06324928 0.9195497 0.3645612 -0.1467098 0.9195071 0.3646782 -0.1466852 0.9194069 0.3649543 -0.1466267 0.9195616 0.3645301 -0.1467121 0.3974217 0.9176361 0 0.3974229 0.9176357 0 0.3974229 0.9176356 0 0.3974217 0.9176362 0 0.9296669 0.3684012 -2.96198e-7 0.9296488 0.3684468 2.94065e-7 0.9296665 0.3684023 0 0.9296669 0.3684012 0 0.3965243 -0.9158408 0.06327778 0.3964304 -0.9158835 0.06324821 0.3964304 -0.9158835 0.06324827 0.3964304 -0.9158835 0.06324821 0.9195591 -0.3645362 0.1467117 0.9195472 -0.3645672 0.1467097 0.9195556 -0.3645456 0.1467107 0.9195543 -0.3645489 0.1467106 0.3976082 -0.9175553 0 0.397607 -0.9175559 0 0.9296435 -0.3684605 -1.58276e-7 0.9296607 -0.3684169 1.61468e-7 0.9296607 -0.3684169 0 0.9296612 -0.3684159 0 0.9989491 0 0.0458346 0.9989513 0 0.04578679 0.9989491 0 0.04583466 0.9989513 0 0.04578667 0.9938061 0 0.1111284 0.9938061 0 0.1111287 0.9938061 0 -0.1111284 0.9938061 0 -0.1111285 0.9989491 0 -0.04583466 0.9989513 0 -0.04578667 0.9989491 0 -0.0458346 0.9989513 0 -0.04578679</float_array>
          <technique_common>
            <accessor source="#__02-mesh-normals-array" count="155" stride="3">
              <param name="X" type="float"/>
              <param name="Y" type="float"/>
              <param name="Z" type="float"/>
            </accessor>
          </technique_common>
        </source>
        <source id="__02-mesh-map-0">
          <float_array id="__02-mesh-map-0-array" count="864">0.78237 0 0.70663 0 0.70663 0.5 0.78237 0 0.70663 0.5 0.78237 0.5 0.68778 0.50869 0.68778 0.07775998 0.68399 0.07775998 0.68778 0.50869 0.68399 0.07775998 0.68399 0.50869 0.14965 0.5031901 0.2964 0.5031901 0.2964 0.07568997 0.14965 0.5031901 0.2964 0.07568997 0.14965 0.07568997 0.68778 0.07775998 0.68778 0.50869 0.69162 0.50869 0.68778 0.07775998 0.69162 0.50869 0.69162 0.07775998 0.69871 0.50869 0.69871 0.33136 0.69485 0.33136 0.69871 0.50869 0.69485 0.33136 0.69485 0.50869 0.005169987 0.07837998 0.08090996 0.07837998 0.14965 0.07226002 0.005169987 0.07837998 0.14965 0.07226002 0 0.07226002 0.08090996 0.07837998 0.08090996 0.49706 0.14965 0.5031901 0.08090996 0.07837998 0.14965 0.5031901 0.14965 0.07226002 0.08090996 0.49706 0.005169987 0.49706 0 0.5031901 0.08090996 0.49706 0 0.5031901 0.14965 0.5031901 0.005169987 0.49706 0.005169987 0.07837998 0 0.07226002 0.005169987 0.49706 0 0.07226002 0 0.5031901 0.93066 1 0.93066 0.58132 0.85492 0.58132 0.93066 1 0.85492 0.58132 0.85492 1 0.70663 1 0.78237 1 0.78237 0.5 0.70663 1 0.78237 0.5 0.70663 0.5 0.35332 1 0.70663 1 0.70663 0.50869 0.35332 1 0.70663 0.50869 0.35332 0.50869 0.78237 0.05746001 0.78237 0.52873 0.85492 0.52873 0.78237 0.05746001 0.85492 0.52873 0.85492 0.05746001 0.01217997 0.51746 0.34113 0.51746 0.35332 0.5031901 0.01217997 0.51746 0.35332 0.5031901 0 0.5031901 0.34113 0.98573 0.01217997 0.98573 0 1 0.34113 0.98573 0 1 0.35332 1 0.34113 0.51746 0.34113 0.98573 0.35332 1 0.34113 0.51746 0.35332 1 0.35332 0.5031901 0.01217997 0.98573 0.01217997 0.51746 0 0.5031901 0.01217997 0.98573 0 0.5031901 0 1 0.68227 0.04043 0.35332 0.04043 0.35332 0.50869 0.68227 0.04043 0.35332 0.50869 0.68227 0.50869 0.92746 0.1915199 0.92746 0.58132 1 0.58132 0.92746 0.1915199 1 0.58132 1 0.1915199 0.78237 0.52873 0.78237 1 0.85492 1 0.78237 0.52873 0.85492 1 0.85492 0.52873 0.85492 0.1915199 0.85492 0.58132 0.92746 0.58132 0.85492 0.1915199 0.92746 0.58132 0.92746 0.1915199 0.70029 0.50869 0.70029 0.33136 0.69871 0.33307 0.70029 0.50869 0.69871 0.33307 0.69871 0.50698 0.69327 0.50698 0.69327 0.07947999 0.69162 0.07775998 0.69327 0.50698 0.69162 0.07775998 0.69162 0.50869 0.69485 0.50869 0.69485 0.33136 0.69327 0.33307 0.69485 0.50869 0.69327 0.33307 0.69327 0.50698 0.68399 0.50869 0.68399 0.07775998 0.68227 0.07947999 0.68399 0.50869 0.68227 0.07947999 0.68227 0.50698 0.70415 0.50869 0.70415 0.33136 0.70029 0.33136 0.70415 0.50869 0.70029 0.33136 0.70029 0.50869 0.34004 0.43448 0.3292 0.43448 0.3292 0.5031901 0.34004 0.43448 0.3292 0.5031901 0.34004 0.5031901 0.34178 0.50031 0.3477 0.50031 0.3477 0.43974 0.34178 0.50031 0.3477 0.43974 0.34178 0.43974 0.29844 0.35211 0.30372 0.35211 0.31287 0.28341 0.29844 0.35211 0.31287 0.28341 0.30758 0.28341 0.32191 0.35211 0.32713 0.35211 0.31809 0.28341 0.32191 0.35211 0.31809 0.28341 0.31287 0.28341 0.34178 0.34924 0.3477 0.34924 0.3477 0.28867 0.34178 0.34924 0.3477 0.28867 0.34178 0.28867 0.31287 0.5031901 0.31809 0.5031901 0.32713 0.43448 0.31287 0.5031901 0.32713 0.43448 0.32191 0.43448 0.34178 0.43149 0.3477 0.43149 0.3477 0.35749 0.34178 0.43149 0.3477 0.35749 0.34178 0.35749 0.34004 0.27295 0.34004 0.28579 0.34536 0.28579 0.34004 0.27295 0.34536 0.28579 0.34536 0.27295 0.29844 0.43448 0.30372 0.43448 0.30372 0.35211 0.29844 0.43448 0.30372 0.35211 0.29844 0.35211 0.30758 0.5031901 0.31287 0.5031901 0.30372 0.43448 0.30758 0.5031901 0.30372 0.43448 0.29844 0.43448 0.32191 0.43448 0.32713 0.43448 0.32713 0.35211 0.32191 0.43448 0.32713 0.35211 0.32191 0.35211 0.34004 0.28341 0.3292 0.28341 0.3292 0.35211 0.34004 0.28341 0.3292 0.35211 0.34004 0.35211 0.34004 0.35211 0.3292 0.35211 0.3292 0.43448 0.34004 0.35211 0.3292 0.43448 0.34004 0.43448 0.34178 0.34924 0.34004 0.35108 0.34023 0.35329 0.34178 0.34924 0.34023 0.35329 0.34178 0.35334 0.32713 0.35211 0.32892 0.35422 0.3292 0.3521 0.32713 0.35211 0.3292 0.3521 0.32862 0.34989 0.34178 0.35749 0.34178 0.35334 0.34023 0.35329 0.34178 0.35749 0.34023 0.35329 0.34004 0.35541 0.34178 0.43974 0.34178 0.43564 0.34023 0.43569 0.34178 0.43974 0.34023 0.43569 0.34004 0.4379 0.34178 0.43149 0.34004 0.43357 0.34023 0.43569 0.34178 0.43149 0.34023 0.43569 0.34178 0.43564 0.32713 0.43448 0.32862 0.43671 0.3292 0.4345 0.32713 0.43448 0.3292 0.4345 0.32892 0.43238 0.3477 0.43974 0.34944 0.4379 0.34925 0.43569 0.3477 0.43974 0.34925 0.43569 0.3477 0.43564 0.29844 0.43448 0.29668 0.43238 0.2964 0.4345 0.29844 0.43448 0.2964 0.4345 0.29698 0.43671 0.3477 0.43149 0.3477 0.43564 0.34925 0.43569 0.3477 0.43149 0.34925 0.43569 0.34944 0.43357 0.3477 0.34924 0.3477 0.35334 0.34925 0.35329 0.3477 0.34924 0.34925 0.35329 0.34944 0.35108 0.3477 0.35749 0.34944 0.35541 0.34925 0.35329 0.3477 0.35749 0.34925 0.35329 0.3477 0.35334 0.29844 0.35211 0.29698 0.34989 0.2964 0.3521 0.29844 0.35211 0.2964 0.3521 0.29668 0.35422 0.3477 0.50031 0.34178 0.50031 0.34004 0.5031901 0.3477 0.50031 0.34004 0.5031901 0.34944 0.5031901 0.34727 0.28494 0.34727 0.2738 0.34536 0.27295 0.34727 0.28494 0.34536 0.27295 0.34536 0.28579 0.32713 0.43448 0.31809 0.5031901 0.32003 0.502 0.32713 0.43448 0.32003 0.502 0.32862 0.43671 0.34004 0.4379 0.34004 0.5031901 0.34178 0.50031 0.34004 0.4379 0.34178 0.50031 0.34178 0.43974 0.29844 0.35211 0.30758 0.28341 0.30567 0.2846 0.29844 0.35211 0.30567 0.2846 0.29698 0.34989 0.34944 0.35108 0.34944 0.28579 0.3477 0.28867 0.34944 0.35108 0.3477 0.28867 0.3477 0.34924 0.29832 0.28341 0.29832 0.27057 0.2964 0.27142 0.29832 0.28341 0.2964 0.27142 0.2964 0.28256 0.34944 0.28579 0.34004 0.28579 0.34178 0.28867 0.34944 0.28579 0.34178 0.28867 0.3477 0.28867 0.31809 0.28341 0.32713 0.35211 0.32862 0.34989 0.31809 0.28341 0.32862 0.34989 0.32003 0.2846 0.34004 0.28579 0.34004 0.35108 0.34178 0.34924 0.34004 0.28579 0.34178 0.34924 0.34178 0.28867 0.32713 0.35211 0.32713 0.43448 0.32892 0.43238 0.32713 0.35211 0.32892 0.43238 0.32892 0.35422 0.34004 0.35541 0.34004 0.43357 0.34178 0.43149 0.34004 0.35541 0.34178 0.43149 0.34178 0.35749 0.30758 0.5031901 0.29844 0.43448 0.29698 0.43671 0.30758 0.5031901 0.29698 0.43671 0.30567 0.502 0.34944 0.5031901 0.34944 0.4379 0.3477 0.43974 0.34944 0.5031901 0.3477 0.43974 0.3477 0.50031 0.29844 0.43448 0.29844 0.35211 0.29668 0.35422 0.29844 0.43448 0.29668 0.35422 0.29668 0.43238 0.34944 0.43357 0.34944 0.35541 0.3477 0.35749 0.34944 0.43357 0.3477 0.35749 0.3477 0.43149 0.3477 0.43149 0.34178 0.43149 0.34178 0.43564 0.3477 0.43149 0.34178 0.43564 0.3477 0.43564 0.3477 0.43564 0.34178 0.43564 0.34178 0.43974 0.3477 0.43564 0.34178 0.43974 0.3477 0.43974 0.3477 0.34924 0.34178 0.34924 0.34178 0.35334 0.3477 0.34924 0.34178 0.35334 0.3477 0.35334 0.3477 0.35334 0.34178 0.35334 0.34178 0.35749 0.3477 0.35334 0.34178 0.35749 0.3477 0.35749 0.29832 0.27057 0.29832 0.28341 0.30364 0.28341 0.29832 0.27057 0.30364 0.28341 0.30364 0.27057</float_array>
          <technique_common>
            <accessor source="#__02-mesh-map-0-array" count="432" stride="2">
              <param name="S" type="float"/>
              <param name="T" type="float"/>
            </accessor>
          </technique_common>
        </source>
        <vertices id="__02-mesh-vertices">
          <input semantic="POSITION" source="#__02-mesh-positions"/>
        </vertices>
        <triangles material="material_1-material" count="144">
          <input semantic="VERTEX" source="#__02-mesh-vertices" offset="0"/>
          <input semantic="NORMAL" source="#__02-mesh-normals" offset="1"/>
          <input semantic="TEXCOORD" source="#__02-mesh-map-0" offset="2" set="0"/>
          <p>0 0 0 1 0 1 2 0 2 0 0 3 2 0 4 3 0 5 4 1 6 5 1 7 6 1 8 4 1 9 6 1 10 7 1 11 8 2 12 9 2 13 10 2 14 8 2 15 10 2 16 11 2 17 12 3 18 13 3 19 14 3 20 12 3 21 14 3 22 15 3 23 16 0 24 17 0 25 18 0 26 16 0 27 18 0 28 19 0 29 20 4 30 21 4 31 22 4 32 20 4 33 22 4 34 23 4 35 21 5 36 24 5 37 25 5 38 21 6 39 25 6 40 22 6 41 24 4 42 26 4 43 27 4 44 24 4 45 27 4 46 25 4 47 26 7 48 20 7 49 23 7 50 26 8 51 23 8 52 27 8 53 28 4 54 29 4 55 30 4 56 28 4 57 30 4 58 31 4 59 32 9 60 33 9 61 34 9 62 32 9 63 34 9 64 35 9 65 36 1 66 37 1 67 38 1 68 36 1 69 38 1 70 39 1 71 40 0 72 41 0 73 42 0 74 40 0 75 42 0 76 43 0 77 44 3 78 45 3 79 46 3 80 44 3 81 46 3 82 47 3 83 48 3 84 49 3 85 50 3 86 48 3 87 50 3 88 51 3 89 45 10 90 48 10 91 51 10 92 45 3 93 51 3 94 46 3 95 49 11 96 44 11 97 47 11 98 49 3 99 47 3 100 50 3 101 52 3 102 53 3 103 54 3 104 52 3 105 54 3 106 55 3 107 56 2 108 57 2 109 58 2 110 56 2 111 58 2 112 59 2 113 60 9 114 61 9 115 62 9 116 60 9 117 62 9 118 63 9 119 64 4 120 65 4 121 66 4 122 64 4 123 66 4 124 67 4 125 68 12 126 69 12 127 70 12 128 68 13 129 70 13 130 71 13 131 72 14 132 73 14 133 74 14 134 72 14 135 74 14 136 75 14 137 76 15 138 77 15 139 78 15 140 76 16 141 78 16 142 79 16 143 80 17 144 81 17 145 82 17 146 80 17 147 82 17 148 83 17 149 84 9 150 85 9 151 86 9 152 84 9 153 86 9 154 87 9 155 88 18 156 89 18 157 90 18 158 88 19 159 90 19 160 91 19 161 92 20 162 93 20 163 94 20 164 92 21 165 94 21 166 95 21 167 96 22 168 97 22 169 98 22 170 96 23 171 98 23 172 99 23 173 100 1 174 101 1 175 102 1 176 100 24 177 102 24 178 103 24 179 104 25 180 105 25 181 106 25 182 104 26 183 106 26 184 107 26 185 108 1 186 109 1 187 110 1 188 108 27 189 110 27 190 111 27 191 112 2 192 113 2 193 114 2 194 112 2 195 114 2 196 115 2 197 116 9 198 117 9 199 118 9 200 116 9 201 118 9 202 119 9 203 120 3 204 121 3 205 97 3 206 120 3 207 97 3 208 96 3 209 122 28 210 123 28 211 121 28 212 122 3 213 121 3 214 120 3 215 111 1 216 110 1 217 101 1 218 111 1 219 101 1 220 100 1 221 124 29 222 125 29 223 126 29 224 124 30 225 126 30 226 127 30 227 128 4 228 129 4 229 130 4 230 128 4 231 130 4 232 131 4 233 132 31 234 133 32 235 134 33 236 132 31 237 134 33 238 135 34 239 136 35 240 137 36 241 138 37 242 136 35 243 138 37 244 139 38 245 140 39 246 141 40 247 142 41 248 140 39 249 142 41 250 143 42 251 144 43 252 145 44 253 146 45 254 144 43 255 146 45 256 147 46 257 148 47 258 149 48 259 150 49 260 148 47 261 150 49 262 151 50 263 152 51 264 153 52 265 154 53 266 152 51 267 154 53 268 155 54 269 156 55 270 157 56 271 158 57 272 156 55 273 158 57 274 159 58 275 160 59 276 161 60 277 162 61 278 160 59 279 162 61 280 163 62 281 164 63 282 165 64 283 166 65 284 164 63 285 166 65 286 167 66 287 168 67 288 169 68 289 170 69 290 168 67 291 170 69 292 171 70 293 172 71 294 173 72 295 174 73 296 172 71 297 174 73 298 175 74 299 176 75 300 177 76 301 178 77 302 176 75 303 178 77 304 179 78 305 180 79 306 181 80 307 182 81 308 180 79 309 182 81 310 183 82 311 184 83 312 185 84 313 186 85 314 184 83 315 186 85 316 187 86 317 188 87 318 189 88 319 190 89 320 188 87 321 190 89 322 191 90 323 192 91 324 193 92 325 194 93 326 192 94 327 194 95 328 195 96 329 196 97 330 197 98 331 198 99 332 196 100 333 198 100 334 199 100 335 200 101 336 201 102 337 202 103 338 200 101 339 202 103 340 203 104 341 204 105 342 205 106 343 206 107 344 204 105 345 206 107 346 207 108 347 208 109 348 209 110 349 210 111 350 208 109 351 210 111 352 211 112 353 212 113 354 213 114 355 214 115 356 212 113 357 214 115 358 215 116 359 216 117 360 217 118 361 218 119 362 216 117 363 218 119 364 219 120 365 220 121 366 221 122 367 222 123 368 220 121 369 222 123 370 223 124 371 224 125 372 225 126 373 226 127 374 224 125 375 226 127 376 227 128 377 228 129 378 229 129 379 230 129 380 228 130 381 230 131 382 231 132 383 232 133 384 233 134 385 234 135 386 232 133 387 234 135 388 235 136 389 236 137 390 237 137 391 238 137 392 236 138 393 238 138 394 239 138 395 240 139 396 241 140 397 242 141 398 240 139 399 242 141 400 243 142 401 244 143 402 245 144 403 246 145 404 244 143 405 246 145 406 247 146 407 248 147 408 249 147 409 250 147 410 248 148 411 250 148 412 251 148 413 252 149 414 253 149 415 254 149 416 252 150 417 254 150 418 255 150 419 256 151 420 257 152 421 258 153 422 256 151 423 258 153 424 259 154 425 260 0 426 261 0 427 262 0 428 260 0 429 262 0 430 263 0 431</p>
        </triangles>
      </mesh>
    </geometry>
    <geometry id="__03-mesh" name="3_0">
      <mesh>
        <source id="__03-mesh-positions">
          <float_array id="__03-mesh-positions-array" count="792">-0.004839956 0.06467998 -0.1596699 -0.004839956 -0.006159961 -0.1596699 -0.38899 -0.006159961 -0.1596699 -0.38899 0.06467998 -0.1596699 -0.004839956 0.06951999 -0.16451 -0.004839956 0.06951999 0.16451 -0.001339972 0.06951999 0.16451 -0.001339972 0.06951999 -0.16451 0 -0.06817996 -0.16317 0 0.06817996 -0.16317 0 0.06817996 0.16317 0 -0.06817996 0.16317 -0.004839956 -0.06951999 0.16451 -0.004839956 -0.06951999 -0.16451 -0.001339972 -0.06951999 -0.16451 -0.001339972 -0.06951999 0.16451 -0.004839956 -0.06951999 -0.16451 -0.004839956 0.06951999 -0.16451 -0.001339972 0.06951999 -0.16451 -0.001339972 -0.06951999 -0.16451 -0.004839956 0.06467998 0.1596699 -0.004839956 -0.006159961 0.1596699 -0.004839956 -0.06951999 0.16451 -0.004839956 0.06951999 0.16451 -0.004839956 -0.006159961 -0.1596699 -0.004839956 -0.06951999 -0.16451 -0.004839956 0.06467998 -0.1596699 -0.004839956 0.06951999 -0.16451 -0.38899 -0.006159961 -0.1596699 -0.38899 -0.006159961 0.1596699 -0.38899 0.06467998 0.1596699 -0.38899 0.06467998 -0.1596699 -0.004839956 -0.006159961 0.1596699 -0.004839956 0.06467998 0.1596699 -0.38899 0.06467998 0.1596699 -0.38899 -0.006159961 0.1596699 -0.004839956 0.06467998 0.1596699 -0.004839956 0.06467998 -0.1596699 -0.38899 0.06467998 -0.1596699 -0.38899 0.06467998 0.1596699 -0.01497995 -0.006159961 0.1495299 -0.37885 -0.006159961 0.1495299 -0.37885 0.06228995 0.1495299 -0.01497995 0.06228995 0.1495299 -0.01497995 -0.006159961 0.1495299 -0.01497995 -0.006159961 -0.1495299 -0.004839956 -0.006159961 -0.1596699 -0.004839956 -0.006159961 0.1596699 -0.37885 -0.006159961 -0.1495299 -0.37885 -0.006159961 0.1495299 -0.38899 -0.006159961 0.1596699 -0.38899 -0.006159961 -0.1596699 -0.01497995 0.06228995 -0.1495299 -0.01497995 0.06228995 0.1495299 -0.37885 0.06228995 0.1495299 -0.37885 0.06228995 -0.1495299 -0.37885 -0.006159961 0.1495299 -0.37885 -0.006159961 -0.1495299 -0.37885 0.06228995 -0.1495299 -0.37885 0.06228995 0.1495299 -0.37885 -0.006159961 -0.1495299 -0.01497995 -0.006159961 -0.1495299 -0.01497995 0.06228995 -0.1495299 -0.37885 0.06228995 -0.1495299 -0.01497995 -0.006159961 -0.1495299 -0.01497995 -0.006159961 0.1495299 -0.01497995 0.06228995 0.1495299 -0.01497995 0.06228995 -0.1495299 -0.001339972 0.06951999 0.16451 -0.001339972 -0.06951999 0.16451 0 -0.06817996 0.16317 0 0.06817996 0.16317 0 -0.06817996 -0.16317 0 -0.06817996 0.16317 -0.001339972 -0.06951999 0.16451 -0.001339972 -0.06951999 -0.16451 -0.001339972 -0.06951999 -0.16451 -0.001339972 0.06951999 -0.16451 0 0.06817996 -0.16317 0 -0.06817996 -0.16317 -0.001339972 0.06951999 -0.16451 -0.001339972 0.06951999 0.16451 0 0.06817996 0.16317 0 0.06817996 -0.16317 -0.004839956 0.06951999 0.16451 -0.004839956 -0.06951999 0.16451 -0.001339972 -0.06951999 0.16451 -0.001339972 0.06951999 0.16451 0.007609963 -0.008109986 0.03441995 0.007609963 -0.01791995 0.03441995 -7.6e-4 -0.01791995 0.08686995 -7.6e-4 -0.008109986 0.08686995 0.006699979 -0.01033997 0.08376997 0.006699979 -0.01568996 0.08376997 0.01407998 -0.01568996 0.03751999 0.01407998 -0.01033997 0.03751999 0.01244997 -0.01791995 -0.02846997 0.007609963 -0.01791995 -0.02846997 -7.6e-4 -0.01791995 -0.08092999 0.004079997 -0.01791995 -0.08092999 0.007609963 -0.008109986 -0.02846997 0.01244997 -0.008109986 -0.02846997 0.004079997 -0.008109986 -0.08092999 -7.6e-4 -0.008109986 -0.08092999 0.01407998 -0.01033997 -0.03157997 0.01407998 -0.01568996 -0.03157997 0.006699979 -0.01568996 -0.07782 0.006699979 -0.01033997 -0.07782 -7.6e-4 -0.008109986 0.08686995 0.004079997 -0.008109986 0.08686995 0.01244997 -0.008109986 0.03441995 0.007609963 -0.008109986 0.03441995 0.01457995 -0.01033997 0.03121995 0.01457995 -0.01568996 0.03121995 0.01457995 -0.01568996 -0.02527999 0.01457995 -0.01033997 -0.02527999 -7.6e-4 -0.008109986 0.08686995 -7.6e-4 -0.01791995 0.08686995 0.004079997 -0.01791995 0.08686995 0.004079997 -0.008109986 0.08686995 0.01244997 -0.01791995 0.03441995 0.007609963 -0.01791995 0.03441995 0.004079997 -0.01791995 0.08686995 -7.6e-4 -0.01791995 0.08686995 -7.6e-4 -0.008109986 -0.08092999 -7.6e-4 -0.01791995 -0.08092999 0.007609963 -0.01791995 -0.02846997 0.007609963 -0.008109986 -0.02846997 0.007609963 -0.008109986 -0.02846997 0.007609963 -0.01791995 -0.02846997 0.007609963 -0.01791995 0.03441995 0.007609963 -0.008109986 0.03441995 0.01407998 -0.01033997 -0.03157997 0.01367998 -0.008759975 -0.03016996 0.01418 -0.008929967 -0.02848994 0.01442998 -0.01033997 -0.02844995 0.01244997 -0.008109986 -0.02846997 0.01394999 -0.008759975 -0.02686995 0.01418 -0.008929967 -0.02848994 0.01367998 -0.008759975 -0.03016996 0.01457995 -0.01033997 -0.02527999 0.01442998 -0.01033997 -0.02844995 0.01418 -0.008929967 -0.02848994 0.01394999 -0.008759975 -0.02686995 0.01407998 -0.01033997 0.03751999 0.01442998 -0.01033997 0.03438997 0.01418 -0.008929967 0.03442996 0.01367998 -0.008759975 0.03610998 0.01457995 -0.01033997 0.03121995 0.01394999 -0.008759975 0.03280997 0.01418 -0.008929967 0.03442996 0.01442998 -0.01033997 0.03438997 0.01244997 -0.008109986 0.03441995 0.01367998 -0.008759975 0.03610998 0.01418 -0.008929967 0.03442996 0.01394999 -0.008759975 0.03280997 0.01407998 -0.01568996 0.03751999 0.01367998 -0.01726996 0.03610998 0.01418 -0.01709997 0.03442996 0.01442998 -0.01568996 0.03438997 0.01244997 -0.01791995 0.03441995 0.01394999 -0.01725995 0.03280997 0.01418 -0.01709997 0.03442996 0.01367998 -0.01726996 0.03610998 0.01457995 -0.01568996 0.03121995 0.01442998 -0.01568996 0.03438997 0.01418 -0.01709997 0.03442996 0.01394999 -0.01725995 0.03280997 0.01407998 -0.01568996 -0.03157997 0.01442998 -0.01568996 -0.02844995 0.01418 -0.01709997 -0.02848994 0.01367998 -0.01726996 -0.03016996 0.01457995 -0.01568996 -0.02527999 0.01394999 -0.01725995 -0.02686995 0.01418 -0.01709997 -0.02848994 0.01442998 -0.01568996 -0.02844995 0.01244997 -0.01791995 -0.02846997 0.01367998 -0.01726996 -0.03016996 0.01418 -0.01709997 -0.02848994 0.01394999 -0.01725995 -0.02686995 0.006699979 -0.01568996 0.08376997 0.006699979 -0.01033997 0.08376997 0.005729973 -0.008759975 0.08595997 0.005729973 -0.01726996 0.08595997 0.005729973 -0.01726996 0.08595997 0.005729973 -0.008759975 0.08595997 0.004079997 -0.008109986 0.08686995 0.004079997 -0.01791995 0.08686995 0.01244997 -0.008109986 0.03441995 0.004079997 -0.008109986 0.08686995 0.005729973 -0.008759975 0.08595997 0.01367998 -0.008759975 0.03610998 0.01367998 -0.008759975 0.03610998 0.005729973 -0.008759975 0.08595997 0.006699979 -0.01033997 0.08376997 0.01407998 -0.01033997 0.03751999 0.01244997 -0.01791995 -0.02846997 0.004079997 -0.01791995 -0.08092999 0.005729973 -0.01726996 -0.08002001 0.01367998 -0.01726996 -0.03016996 0.01367998 -0.01726996 -0.03016996 0.005729973 -0.01726996 -0.08002001 0.006699979 -0.01568996 -0.07782 0.01407998 -0.01568996 -0.03157997 0.004079997 -0.01791995 -0.08092999 0.004079997 -0.008109986 -0.08092999 0.005729973 -0.008759975 -0.08002001 0.005729973 -0.01726996 -0.08002001 0.005729973 -0.01726996 -0.08002001 0.005729973 -0.008759975 -0.08002001 0.006699979 -0.01033997 -0.07782 0.006699979 -0.01568996 -0.07782 0.004079997 -0.008109986 -0.08092999 0.01244997 -0.008109986 -0.02846997 0.01367998 -0.008759975 -0.03016996 0.005729973 -0.008759975 -0.08002001 0.005729973 -0.008759975 -0.08002001 0.01367998 -0.008759975 -0.03016996 0.01407998 -0.01033997 -0.03157997 0.006699979 -0.01033997 -0.07782 0.01244997 -0.008109986 -0.02846997 0.01244997 -0.008109986 0.03441995 0.01394999 -0.008759975 0.03280997 0.01394999 -0.008759975 -0.02686995 0.01394999 -0.008759975 -0.02686995 0.01394999 -0.008759975 0.03280997 0.01457995 -0.01033997 0.03121995 0.01457995 -0.01033997 -0.02527999 0.004079997 -0.01791995 0.08686995 0.01244997 -0.01791995 0.03441995 0.01367998 -0.01726996 0.03610998 0.005729973 -0.01726996 0.08595997 0.005729973 -0.01726996 0.08595997 0.01367998 -0.01726996 0.03610998 0.01407998 -0.01568996 0.03751999 0.006699979 -0.01568996 0.08376997 0.01244997 -0.01791995 0.03441995 0.01244997 -0.01791995 -0.02846997 0.01394999 -0.01725995 -0.02686995 0.01394999 -0.01725995 0.03280997 0.01394999 -0.01725995 0.03280997 0.01394999 -0.01725995 -0.02686995 0.01457995 -0.01568996 -0.02527999 0.01457995 -0.01568996 0.03121995 0.01457995 -0.01568996 0.03121995 0.01457995 -0.01033997 0.03121995 0.01442998 -0.01033997 0.03438997 0.01442998 -0.01568996 0.03438997 0.01442998 -0.01568996 0.03438997 0.01442998 -0.01033997 0.03438997 0.01407998 -0.01033997 0.03751999 0.01407998 -0.01568996 0.03751999 0.01407998 -0.01568996 -0.03157997 0.01407998 -0.01033997 -0.03157997 0.01442998 -0.01033997 -0.02844995 0.01442998 -0.01568996 -0.02844995 0.01442998 -0.01568996 -0.02844995 0.01442998 -0.01033997 -0.02844995 0.01457995 -0.01033997 -0.02527999 0.01457995 -0.01568996 -0.02527999 0.004079997 -0.008109986 -0.08092999 0.004079997 -0.01791995 -0.08092999 -7.6e-4 -0.01791995 -0.08092999 -7.6e-4 -0.008109986 -0.08092999</float_array>
          <technique_common>
            <accessor source="#__03-mesh-positions-array" count="264" stride="3">
              <param name="X" type="float"/>
              <param name="Y" type="float"/>
              <param name="Z" type="float"/>
            </accessor>
          </technique_common>
        </source>
        <source id="__03-mesh-normals">
          <float_array id="__03-mesh-normals-array" count="465">0 0 -1 0 1 0 1 0 0 0 -1 0 -1 0 0 -1 0 0 -1 0 0 0 0 1 0 -1 0 0.7071117 0 0.707102 0.7071056 0 0.707108 0.7071053 -0.7071083 0 0.7071053 -0.7071083 0 0.7071117 0 -0.707102 0.7071056 0 -0.707108 0.7071053 0.7071083 0 0.7071053 0.7071083 0 -0.9875052 0 -0.1575866 0.9875072 0 0.1575741 0.9875072 0 0.1575741 0 -1 0 0 1 0 0 1 0 0.9875019 0 -0.1576073 0.9875019 0 -0.1576073 0 1 0 0 1 0 0 -1 0 -0.9875099 0 0.1575573 0.9472278 0.2794272 -0.1570988 0.9472306 0.2794197 -0.1570957 0.9472416 0.2793903 -0.1570807 0.947233 0.2794132 -0.1570922 0.4277175 0.9032338 -0.03502553 0.4275394 0.903323 -0.03489428 0.4272861 0.903441 -0.03494209 0.4275148 0.9033359 -0.03486269 0.9584519 0.2851838 0.006331145 0.9584431 0.2852135 0.006343662 0.958445 0.2852068 0.006342947 0.9584453 0.285206 0.006337404 0.9472278 0.2794269 0.1570993 0.9472336 0.2794112 0.1570924 0.9472419 0.2793895 0.157081 0.9472301 0.279421 0.1570963 0.9584521 0.2851834 -0.006331145 0.9584458 0.2852046 -0.006337344 0.9584451 0.2852066 -0.006342947 0.9584437 0.2852115 -0.006349205 0.4274646 0.9033575 0.03492099 0.4275081 0.9033384 0.03487873 0.4273635 0.9034047 0.03493684 0.4275064 0.9033348 0.03499346 0.9472278 -0.2794268 0.1570993 0.9472301 -0.279421 0.1570963 0.9472419 -0.2793895 0.1570811 0.9472336 -0.2794112 0.1570926 0.42753 -0.9033262 0.03492856 0.4275271 -0.9033265 0.03495562 0.4275232 -0.9033276 0.03497636 0.427508 -0.9033386 0.03487849 0.958449 -0.2851938 -0.006338357 0.9584437 -0.2852115 -0.006348967 0.9584447 -0.285208 -0.006343841 0.958446 -0.2852034 -0.006342053 0.9472278 -0.2794272 -0.157099 0.947233 -0.2794132 -0.1570924 0.9472417 -0.2793903 -0.1570809 0.9472305 -0.2794197 -0.1570957 0.9584487 -0.2851945 0.006338357 0.9584456 -0.2852053 0.006342172 0.9584447 -0.2852084 0.006343901 0.9584431 -0.2852135 0.006343483 0.4275255 -0.9033267 -0.03496885 0.4275147 -0.9033359 -0.03486245 0.4275277 -0.9033265 -0.03494697 0.4275283 -0.9033265 -0.03494101 0.9139389 0 0.405852 0.9139776 0 0.4057648 0.9139387 0 0.4058522 0.9139778 0 0.4057642 0.482008 0 0.8761668 0.4819713 0 0.8761871 0.4820963 0 0.8761183 0.4820914 0 0.876121 0.3963494 0.9159192 0.06324064 0.39636 0.9159146 0.06323885 0.3963766 0.9159073 0.06324106 0.3964807 0.9158614 0.06325417 0.9195806 0.3644801 0.1467165 0.9195495 0.3645615 0.14671 0.9195551 0.3645468 0.1467108 0.9195829 0.3644741 0.1467175 0.3964394 -0.9158796 -0.06324994 0.3964394 -0.9158796 -0.06324982 0.3964394 -0.9158796 -0.06324982 0.3962558 -0.9159584 -0.06326019 0.3962558 -0.9159584 -0.06326019 0.3962558 -0.9159584 -0.06326019 0.9195843 -0.3644691 -0.1467204 0.9195678 -0.3645141 -0.1467125 0.9195517 -0.3645557 -0.1467103 0.9196079 -0.3644058 -0.1467304 0.4819702 0 -0.8761876 0.4820998 0 -0.8761163 0.4819734 0 -0.8761858 0.4820954 0 -0.8761187 0.9139416 0 -0.4058459 0.9139214 0 -0.4058914 0.913941 0 -0.4058472 0.9139419 0 -0.4058449 0.3965361 0.9158365 -0.0632674 0.3963349 0.9159263 -0.06322932 0.3963349 0.9159262 -0.06322932 0.3963349 0.9159262 -0.06322932 0.919559 0.3645368 -0.1467115 0.919573 0.3645024 -0.1467096 0.9195914 0.3644559 -0.1467095 0.9195544 0.3645488 -0.1467105 0.3971679 0.9177461 0 0.3971679 0.9177461 0 0.3971679 0.9177461 0 0.3976073 0.9175557 0 0.9296607 0.3684171 0 0.9296606 0.3684173 0 0.9296606 0.3684173 0 0.929643 0.3684616 0 0.3964588 -0.915871 0.0632537 0.396447 -0.9158762 0.06325131 0.3964315 -0.9158831 0.06324833 0.3963348 -0.9159263 0.06322932 0.91956 -0.3645344 0.1467118 0.9196087 -0.3644129 0.1467083 0.9195509 -0.3645575 0.1467106 0.9195544 -0.3645488 0.1467108 0.3974228 -0.9176356 0 0.3974233 -0.9176354 4.19561e-7 0.3974233 -0.9176354 0 0.3974227 -0.9176357 0 0.9296665 -0.3684025 0 0.9296663 -0.3684027 0 0.9296663 -0.3684027 0 0.9296665 -0.3684025 0 0.9989516 0 0.04578119 0.9989494 -4.8256e-7 0.04582911 0.9989516 0 0.04578119 0.9989516 0 0.04578113 0.9938061 0 0.1111286 0.9938061 0 0.1111284 0.9938061 0 -0.1111284 0.9938061 0 -0.1111286 0.9989516 0 -0.04578113 0.9989516 0 -0.04578113 0.9989516 0 -0.04578113 0.9989516 0 -0.04578113</float_array>
          <technique_common>
            <accessor source="#__03-mesh-normals-array" count="155" stride="3">
              <param name="X" type="float"/>
              <param name="Y" type="float"/>
              <param name="Z" type="float"/>
            </accessor>
          </technique_common>
        </source>
        <source id="__03-mesh-map-0">
          <float_array id="__03-mesh-map-0-array" count="864">0.69812 0.5 0.77556 0.5 0.77556 0 0.69812 0.5 0.77556 0 0.69812 0 0.68143 0.50869 0.68143 0.07836997 0.67768 0.07836997 0.68143 0.50869 0.67768 0.07836997 0.67768 0.50869 0.30104 0.07635998 0.15198 0.07635998 0.15198 0.5031901 0.30104 0.07635998 0.15198 0.5031901 0.30104 0.5031901 0.68143 0.07836997 0.68143 0.50869 0.68521 0.50869 0.68143 0.07836997 0.68521 0.50869 0.68521 0.07836997 0.69768 0.29161 0.69768 0.1097599 0.69387 0.1097599 0.69768 0.29161 0.69387 0.1097599 0.69387 0.29161 0.005289971 0.07919001 0.08271998 0.07919001 0.15198 0.07286 0.005289971 0.07919001 0.15198 0.07286 0 0.07286 0.08271998 0.07919001 0.08271998 0.49686 0.15198 0.5031901 0.08271998 0.07919001 0.15198 0.5031901 0.15198 0.07286 0.08271998 0.49686 0.005289971 0.49686 0 0.5031901 0.08271998 0.49686 0 0.5031901 0.15198 0.5031901 0.005289971 0.49686 0.005289971 0.07919001 0 0.07286 0.005289971 0.49686 0 0.07286 0 0.5031901 0.92781 1 0.92781 0.58233 0.85037 0.58233 0.92781 1 0.85037 0.58233 0.85037 1 0.69812 1 0.77556 1 0.77556 0.5 0.69812 1 0.77556 0.5 0.69812 0.5 0.34906 1 0.69812 1 0.69812 0.50869 0.34906 1 0.69812 0.50869 0.34906 0.50869 0.77556 0.05281001 0.77556 0.5264 0.85037 0.5264 0.77556 0.05281001 0.85037 0.5264 0.85037 0.05281001 0.33797 0.98688 0.01108998 0.98688 0 1 0.33797 0.98688 0 1 0.34906 1 0.01108998 0.5163 0.33797 0.5163 0.34906 0.5031901 0.01108998 0.5163 0.34906 0.5031901 0 0.5031901 0.01108998 0.98688 0.01108998 0.5163 0 0.5031901 0.01108998 0.98688 0 0.5031901 0 1 0.33797 0.5163 0.33797 0.98688 0.34906 1 0.33797 0.5163 0.34906 1 0.34906 0.5031901 0.34906 0.50869 0.67595 0.50869 0.67595 0.03811001 0.34906 0.50869 0.67595 0.03811001 0.34906 0.03811001 0.92519 0.58233 0.92519 0.19119 0.85037 0.19119 0.92519 0.58233 0.85037 0.19119 0.85037 0.58233 0.77556 0.5264 0.77556 1 0.85037 1 0.77556 0.5264 0.85037 1 0.85037 0.5264 0.92519 0.19119 0.92519 0.58233 1 0.58233 0.92519 0.19119 1 0.58233 1 0.19119 0.69068 0.1097599 0.69068 0.29161 0.69228 0.28986 0.69068 0.1097599 0.69228 0.28986 0.69228 0.1115 0.68687 0.50694 0.68687 0.08012002 0.68521 0.07836997 0.68687 0.50694 0.68521 0.07836997 0.68521 0.50869 0.69387 0.29161 0.69387 0.1097599 0.69228 0.1115 0.69387 0.29161 0.69228 0.1115 0.69228 0.28986 0.67768 0.50869 0.67768 0.07836997 0.67595 0.08012002 0.67768 0.50869 0.67595 0.08012002 0.67595 0.50694 0.68687 0.1097599 0.68687 0.29161 0.69068 0.29161 0.68687 0.1097599 0.69068 0.29161 0.69068 0.1097599 0.34419 0.43458 0.33347 0.43458 0.33347 0.5031901 0.34419 0.43458 0.33347 0.5031901 0.34419 0.5031901 0.68859 0.50582 0.69444 0.50582 0.69444 0.44533 0.68859 0.50582 0.69444 0.44533 0.68859 0.44533 0.31531 0.43458 0.31008 0.43458 0.30104 0.5031901 0.31531 0.43458 0.30104 0.5031901 0.30626 0.5031901 0.32452 0.43458 0.31936 0.43458 0.3283 0.5031901 0.32452 0.43458 0.3283 0.5031901 0.33347 0.5031901 0.68859 0.35496 0.69444 0.35496 0.69444 0.29448 0.68859 0.35496 0.69444 0.29448 0.68859 0.29448 0.33347 0.28372 0.3283 0.28372 0.31936 0.35233 0.33347 0.28372 0.31936 0.35233 0.32452 0.35233 0.68859 0.4371 0.69444 0.4371 0.69444 0.3632 0.68859 0.4371 0.69444 0.3632 0.68859 0.3632 0.31534 0.28372 0.31534 0.2709 0.31008 0.2709 0.31534 0.28372 0.31008 0.2709 0.31008 0.28372 0.31531 0.35233 0.31008 0.35233 0.31008 0.43458 0.31531 0.35233 0.31008 0.43458 0.31531 0.43458 0.30626 0.28372 0.30104 0.28372 0.31008 0.35233 0.30626 0.28372 0.31008 0.35233 0.31531 0.35233 0.32452 0.35233 0.31936 0.35233 0.31936 0.43458 0.32452 0.35233 0.31936 0.43458 0.32452 0.43458 0.34419 0.28372 0.33347 0.28372 0.33347 0.35233 0.34419 0.28372 0.33347 0.35233 0.34419 0.35233 0.34419 0.35233 0.33347 0.35233 0.33347 0.43458 0.34419 0.35233 0.33347 0.43458 0.34419 0.43458 0.68859 0.35496 0.68687 0.3568 0.68706 0.35901 0.68859 0.35496 0.68706 0.35901 0.68859 0.35906 0.31936 0.43458 0.3176 0.43248 0.31731 0.4346 0.31936 0.43458 0.31731 0.4346 0.31789 0.4368 0.68859 0.3632 0.68859 0.35906 0.68706 0.35901 0.68859 0.3632 0.68706 0.35901 0.68687 0.36112 0.68859 0.44533 0.68859 0.44124 0.68706 0.44129 0.68859 0.44533 0.68706 0.44129 0.68687 0.4435 0.68859 0.4371 0.68687 0.43917 0.68706 0.44129 0.68859 0.4371 0.68706 0.44129 0.68859 0.44124 0.31936 0.35233 0.31789 0.35011 0.31731 0.35231 0.31936 0.35233 0.31731 0.35231 0.3176 0.35443 0.69444 0.44533 0.69617 0.4435 0.69598 0.44129 0.69444 0.44533 0.69598 0.44129 0.69444 0.44124 0.31531 0.35233 0.31704 0.35443 0.31731 0.35231 0.31531 0.35233 0.31731 0.35231 0.31675 0.35011 0.69444 0.4371 0.69444 0.44124 0.69598 0.44129 0.69444 0.4371 0.69598 0.44129 0.69616 0.43917 0.69444 0.35496 0.69444 0.35906 0.69598 0.35901 0.69444 0.35496 0.69598 0.35901 0.69617 0.3568 0.69444 0.3632 0.69616 0.36112 0.69598 0.35901 0.69444 0.3632 0.69598 0.35901 0.69444 0.35906 0.31531 0.43458 0.31675 0.4368 0.31731 0.4346 0.31531 0.43458 0.31731 0.4346 0.31704 0.43248 0.69444 0.50582 0.68859 0.50582 0.68687 0.50869 0.69444 0.50582 0.68687 0.50869 0.69617 0.50869 0.30819 0.27175 0.30819 0.28287 0.31008 0.28372 0.30819 0.27175 0.31008 0.28372 0.31008 0.2709 0.31936 0.35233 0.3283 0.28372 0.32639 0.28491 0.31936 0.35233 0.32639 0.28491 0.31789 0.35011 0.68687 0.4435 0.68687 0.50869 0.68859 0.50582 0.68687 0.4435 0.68859 0.50582 0.68859 0.44533 0.31531 0.43458 0.30626 0.5031901 0.30815 0.502 0.31531 0.43458 0.30815 0.502 0.31675 0.4368 0.69617 0.3568 0.69617 0.29161 0.69444 0.29448 0.69617 0.3568 0.69444 0.29448 0.69444 0.35496 0.30293 0.28372 0.30293 0.2709 0.30104 0.27175 0.30293 0.28372 0.30104 0.27175 0.30104 0.28287 0.69617 0.29161 0.68687 0.29161 0.68859 0.29448 0.69617 0.29161 0.68859 0.29448 0.69444 0.29448 0.3283 0.5031901 0.31936 0.43458 0.31789 0.4368 0.3283 0.5031901 0.31789 0.4368 0.32639 0.502 0.68687 0.29161 0.68687 0.3568 0.68859 0.35496 0.68687 0.29161 0.68859 0.35496 0.68859 0.29448 0.31936 0.43458 0.31936 0.35233 0.3176 0.35443 0.31936 0.43458 0.3176 0.35443 0.3176 0.43248 0.68687 0.36112 0.68687 0.43917 0.68859 0.4371 0.68687 0.36112 0.68859 0.4371 0.68859 0.3632 0.30626 0.28372 0.31531 0.35233 0.31675 0.35011 0.30626 0.28372 0.31675 0.35011 0.30815 0.28491 0.69617 0.50869 0.69617 0.4435 0.69444 0.44533 0.69617 0.50869 0.69444 0.44533 0.69444 0.50582 0.31531 0.35233 0.31531 0.43458 0.31704 0.43248 0.31531 0.35233 0.31704 0.43248 0.31704 0.35443 0.69616 0.43917 0.69616 0.36112 0.69444 0.3632 0.69616 0.43917 0.69444 0.3632 0.69444 0.4371 0.69444 0.4371 0.68859 0.4371 0.68859 0.44124 0.69444 0.4371 0.68859 0.44124 0.69444 0.44124 0.69444 0.44124 0.68859 0.44124 0.68859 0.44533 0.69444 0.44124 0.68859 0.44533 0.69444 0.44533 0.69444 0.35496 0.68859 0.35496 0.68859 0.35906 0.69444 0.35496 0.68859 0.35906 0.69444 0.35906 0.69444 0.35906 0.68859 0.35906 0.68859 0.3632 0.69444 0.35906 0.68859 0.3632 0.69444 0.3632 0.30293 0.2709 0.30293 0.28372 0.30819 0.28372 0.30293 0.2709 0.30819 0.28372 0.30819 0.2709</float_array>
          <technique_common>
            <accessor source="#__03-mesh-map-0-array" count="432" stride="2">
              <param name="S" type="float"/>
              <param name="T" type="float"/>
            </accessor>
          </technique_common>
        </source>
        <vertices id="__03-mesh-vertices">
          <input semantic="POSITION" source="#__03-mesh-positions"/>
        </vertices>
        <triangles material="material_2-material" count="144">
          <input semantic="VERTEX" source="#__03-mesh-vertices" offset="0"/>
          <input semantic="NORMAL" source="#__03-mesh-normals" offset="1"/>
          <input semantic="TEXCOORD" source="#__03-mesh-map-0" offset="2" set="0"/>
          <p>0 0 0 1 0 1 2 0 2 0 0 3 2 0 4 3 0 5 4 1 6 5 1 7 6 1 8 4 1 9 6 1 10 7 1 11 8 2 12 9 2 13 10 2 14 8 2 15 10 2 16 11 2 17 12 3 18 13 3 19 14 3 20 12 3 21 14 3 22 15 3 23 16 0 24 17 0 25 18 0 26 16 0 27 18 0 28 19 0 29 20 4 30 21 4 31 22 4 32 20 4 33 22 4 34 23 4 35 21 5 36 24 5 37 25 5 38 21 4 39 25 4 40 22 4 41 24 4 42 26 4 43 27 4 44 24 4 45 27 4 46 25 4 47 26 6 48 20 6 49 23 6 50 26 4 51 23 4 52 27 4 53 28 4 54 29 4 55 30 4 56 28 4 57 30 4 58 31 4 59 32 7 60 33 7 61 34 7 62 32 7 63 34 7 64 35 7 65 36 1 66 37 1 67 38 1 68 36 1 69 38 1 70 39 1 71 40 0 72 41 0 73 42 0 74 40 0 75 42 0 76 43 0 77 44 3 78 45 3 79 46 3 80 44 3 81 46 3 82 47 3 83 48 3 84 49 3 85 50 3 86 48 3 87 50 3 88 51 3 89 45 3 90 48 3 91 51 3 92 45 3 93 51 3 94 46 3 95 49 8 96 44 8 97 47 8 98 49 3 99 47 3 100 50 3 101 52 3 102 53 3 103 54 3 104 52 3 105 54 3 106 55 3 107 56 2 108 57 2 109 58 2 110 56 2 111 58 2 112 59 2 113 60 7 114 61 7 115 62 7 116 60 7 117 62 7 118 63 7 119 64 4 120 65 4 121 66 4 122 64 4 123 66 4 124 67 4 125 68 9 126 69 9 127 70 9 128 68 10 129 70 10 130 71 10 131 72 11 132 73 11 133 74 11 134 72 12 135 74 12 136 75 12 137 76 13 138 77 13 139 78 13 140 76 14 141 78 14 142 79 14 143 80 15 144 81 15 145 82 15 146 80 16 147 82 16 148 83 16 149 84 7 150 85 7 151 86 7 152 84 7 153 86 7 154 87 7 155 88 17 156 89 17 157 90 17 158 88 17 159 90 17 160 91 17 161 92 18 162 93 18 163 94 18 164 92 19 165 94 19 166 95 19 167 96 3 168 97 3 169 98 3 170 96 20 171 98 20 172 99 20 173 100 21 174 101 21 175 102 21 176 100 22 177 102 22 178 103 22 179 104 23 180 105 23 181 106 23 182 104 24 183 106 24 184 107 24 185 108 25 186 109 25 187 110 25 188 108 26 189 110 26 190 111 26 191 112 2 192 113 2 193 114 2 194 112 2 195 114 2 196 115 2 197 116 7 198 117 7 199 118 7 200 116 7 201 118 7 202 119 7 203 120 3 204 121 3 205 97 3 206 120 3 207 97 3 208 96 3 209 122 3 210 123 3 211 121 3 212 122 27 213 121 27 214 120 27 215 111 1 216 110 1 217 101 1 218 111 1 219 101 1 220 100 1 221 124 28 222 125 28 223 126 28 224 124 28 225 126 28 226 127 28 227 128 4 228 129 4 229 130 4 230 128 4 231 130 4 232 131 4 233 132 29 234 133 30 235 134 31 236 132 29 237 134 31 238 135 32 239 136 33 240 137 34 241 138 35 242 136 33 243 138 35 244 139 36 245 140 37 246 141 38 247 142 39 248 140 37 249 142 39 250 143 40 251 144 41 252 145 42 253 146 43 254 144 41 255 146 43 256 147 44 257 148 45 258 149 46 259 150 47 260 148 45 261 150 47 262 151 48 263 152 49 264 153 50 265 154 51 266 152 49 267 154 51 268 155 52 269 156 53 270 157 54 271 158 55 272 156 53 273 158 55 274 159 56 275 160 57 276 161 58 277 162 59 278 160 57 279 162 59 280 163 60 281 164 61 282 165 62 283 166 63 284 164 61 285 166 63 286 167 64 287 168 65 288 169 66 289 170 67 290 168 65 291 170 67 292 171 68 293 172 69 294 173 70 295 174 71 296 172 69 297 174 71 298 175 72 299 176 73 300 177 74 301 178 75 302 176 73 303 178 75 304 179 76 305 180 77 306 181 78 307 182 79 308 180 77 309 182 79 310 183 80 311 184 81 312 185 82 313 186 83 314 184 81 315 186 83 316 187 84 317 188 85 318 189 86 319 190 87 320 188 85 321 190 87 322 191 88 323 192 89 324 193 90 325 194 91 326 192 89 327 194 91 328 195 92 329 196 93 330 197 94 331 198 95 332 196 96 333 198 97 334 199 98 335 200 99 336 201 100 337 202 101 338 200 99 339 202 101 340 203 102 341 204 103 342 205 104 343 206 105 344 204 103 345 206 105 346 207 106 347 208 107 348 209 108 349 210 109 350 208 107 351 210 109 352 211 110 353 212 111 354 213 111 355 214 111 356 212 112 357 214 113 358 215 114 359 216 115 360 217 116 361 218 117 362 216 115 363 218 117 364 219 118 365 220 119 366 221 120 367 222 121 368 220 122 369 222 122 370 223 122 371 224 123 372 225 124 373 226 125 374 224 123 375 226 125 376 227 126 377 228 127 378 229 128 379 230 129 380 228 127 381 230 129 382 231 130 383 232 131 384 233 132 385 234 133 386 232 131 387 234 133 388 235 134 389 236 135 390 237 136 391 238 137 392 236 135 393 238 137 394 239 138 395 240 139 396 241 140 397 242 141 398 240 139 399 242 141 400 243 142 401 244 143 402 245 144 403 246 145 404 244 143 405 246 145 406 247 146 407 248 147 408 249 147 409 250 147 410 248 148 411 250 148 412 251 148 413 252 149 414 253 149 415 254 149 416 252 150 417 254 150 418 255 150 419 256 151 420 257 152 421 258 153 422 256 151 423 258 153 424 259 154 425 260 0 426 261 0 427 262 0 428 260 0 429 262 0 430 263 0 431</p>
        </triangles>
      </mesh>
    </geometry>
    <geometry id="__04-mesh" name="1_0">
      <mesh>
        <source id="__04-mesh-positions">
          <float_array id="__04-mesh-positions-array" count="792">-0.004709959 0.05622994 -0.16451 -0.004709959 0.05622994 0.16451 -0.001269996 0.05622994 0.16451 -0.001269996 0.05622994 -0.16451 0 0.05495995 0.16324 0 -0.05495995 0.16324 0 -0.05495995 -0.16324 0 0.05495995 -0.16324 -0.004709959 -0.05622994 0.16451 -0.004709959 -0.05622994 -0.16451 -0.001269996 -0.05622994 -0.16451 -0.001269996 -0.05622994 0.16451 -0.004709959 0.05622994 0.16451 -0.004709959 -0.05622994 0.16451 -0.001269996 -0.05622994 0.16451 -0.001269996 0.05622994 0.16451 -0.004709959 -0.01009994 -0.1587 -0.004709959 0.05041998 -0.1587 -0.004709959 0.05622994 -0.16451 -0.004709959 -0.05622994 -0.16451 -0.004709959 -0.01009994 0.1587 -0.004709959 -0.05622994 0.16451 -0.004709959 0.05041998 0.1587 -0.004709959 0.05622994 0.16451 -0.39006 0.05041998 0.1587 -0.39006 0.05041998 -0.1587 -0.39006 -0.01009994 -0.1587 -0.39006 -0.01009994 0.1587 -0.004709959 0.05041998 0.1587 -0.004709959 0.05041998 -0.1587 -0.39006 0.05041998 -0.1587 -0.39006 0.05041998 0.1587 -0.38033 -0.01009994 -0.14897 -0.01444 -0.01009994 -0.14897 -0.01444 0.04740995 -0.14897 -0.38033 0.04740995 -0.14897 -0.004709959 -0.01009994 0.1587 -0.004709959 0.05041998 0.1587 -0.39006 0.05041998 0.1587 -0.39006 -0.01009994 0.1587 -0.004709959 0.05041998 -0.1587 -0.004709959 -0.01009994 -0.1587 -0.39006 -0.01009994 -0.1587 -0.39006 0.05041998 -0.1587 -0.01444 -0.01009994 0.14897 -0.01444 -0.01009994 -0.14897 -0.004709959 -0.01009994 -0.1587 -0.004709959 -0.01009994 0.1587 -0.38033 -0.01009994 -0.14897 -0.38033 -0.01009994 0.14897 -0.39006 -0.01009994 0.1587 -0.39006 -0.01009994 -0.1587 -0.01444 0.04740995 -0.14897 -0.01444 0.04740995 0.14897 -0.38033 0.04740995 0.14897 -0.38033 0.04740995 -0.14897 -0.38033 -0.01009994 0.14897 -0.38033 -0.01009994 -0.14897 -0.38033 0.04740995 -0.14897 -0.38033 0.04740995 0.14897 -0.01444 -0.01009994 -0.14897 -0.01444 -0.01009994 0.14897 -0.01444 0.04740995 0.14897 -0.01444 0.04740995 -0.14897 -0.01444 -0.01009994 0.14897 -0.38033 -0.01009994 0.14897 -0.38033 0.04740995 0.14897 -0.01444 0.04740995 0.14897 0 0.05495995 -0.16324 0 -0.05495995 -0.16324 -0.001269996 -0.05622994 -0.16451 -0.001269996 0.05622994 -0.16451 -0.001269996 -0.05622994 0.16451 -0.001269996 -0.05622994 -0.16451 0 -0.05495995 -0.16324 0 -0.05495995 0.16324 0 -0.05495995 0.16324 0 0.05495995 0.16324 -0.001269996 0.05622994 0.16451 -0.001269996 -0.05622994 0.16451 0 0.05495995 0.16324 0 0.05495995 -0.16324 -0.001269996 0.05622994 -0.16451 -0.001269996 0.05622994 0.16451 -0.004709959 -0.05622994 -0.16451 -0.004709959 0.05622994 -0.16451 -0.001269996 0.05622994 -0.16451 -0.001269996 -0.05622994 -0.16451 0.008189976 0.004899978 0.03143996 0.008189976 -0.004899978 0.03143996 -1.8e-4 -0.004899978 0.08389997 -1.8e-4 0.004899978 0.08389997 0.007279992 0.002679944 0.08079999 0.007279992 -0.002679944 0.08079999 0.01466 -0.002679944 0.03454995 0.01466 0.002679944 0.03454995 0.01301997 -0.004899978 -0.03143996 0.008189976 -0.004899978 -0.03143996 -1.8e-4 -0.004899978 -0.08389997 0.004649996 -0.004899978 -0.08389997 0.008189976 0.004899978 -0.03143996 0.01301997 0.004899978 -0.03143996 0.004649996 0.004899978 -0.08389997 -1.8e-4 0.004899978 -0.08389997 0.01466 0.002679944 -0.03454995 0.01466 -0.002679944 -0.03454995 0.007279992 -0.002679944 -0.08079999 0.007279992 0.002679944 -0.08079999 -1.8e-4 0.004899978 0.08389997 0.004649996 0.004899978 0.08389997 0.01301997 0.004899978 0.03143996 0.008189976 0.004899978 0.03143996 0.01514995 0.002679944 0.02824997 0.01514995 -0.002679944 0.02824997 0.01514995 -0.002679944 -0.02824997 0.01514995 0.002679944 -0.02824997 -1.8e-4 0.004899978 0.08389997 -1.8e-4 -0.004899978 0.08389997 0.004649996 -0.004899978 0.08389997 0.004649996 0.004899978 0.08389997 0.01301997 -0.004899978 0.03143996 0.008189976 -0.004899978 0.03143996 0.004649996 -0.004899978 0.08389997 -1.8e-4 -0.004899978 0.08389997 -1.8e-4 0.004899978 -0.08389997 -1.8e-4 -0.004899978 -0.08389997 0.008189976 -0.004899978 -0.03143996 0.008189976 0.004899978 -0.03143996 0.008189976 0.004899978 -0.03143996 0.008189976 -0.004899978 -0.03143996 0.008189976 -0.004899978 0.03143996 0.008189976 0.004899978 0.03143996 0.01466 0.002679944 -0.03454995 0.01425999 0.004249989 -0.03314 0.01475 0.004079997 -0.03145998 0.01500999 0.002679944 -0.03141999 0.01301997 0.004899978 -0.03143996 0.01453 0.004249989 -0.02983999 0.01475 0.004079997 -0.03145998 0.01425999 0.004249989 -0.03314 0.01514995 0.002679944 -0.02824997 0.01500999 0.002679944 -0.03141999 0.01475 0.004079997 -0.03145998 0.01453 0.004249989 -0.02983999 0.01466 0.002679944 0.03454995 0.01500999 0.002679944 0.03141999 0.01475 0.004079997 0.03145998 0.01425999 0.004249989 0.03314 0.01514995 0.002679944 0.02824997 0.01453 0.004249989 0.02983999 0.01475 0.004079997 0.03145998 0.01500999 0.002679944 0.03141999 0.01301997 0.004899978 0.03143996 0.01425999 0.004249989 0.03314 0.01475 0.004079997 0.03145998 0.01453 0.004249989 0.02983999 0.01466 -0.002679944 0.03454995 0.01425999 -0.004249989 0.03314 0.01475 -0.004079997 0.03145998 0.01500999 -0.002679944 0.03141999 0.01301997 -0.004899978 0.03143996 0.01453 -0.004249989 0.02983999 0.01475 -0.004079997 0.03145998 0.01425999 -0.004249989 0.03314 0.01514995 -0.002679944 0.02824997 0.01500999 -0.002679944 0.03141999 0.01475 -0.004079997 0.03145998 0.01453 -0.004249989 0.02983999 0.01466 -0.002679944 -0.03454995 0.01500999 -0.002679944 -0.03141999 0.01475 -0.004079997 -0.03145998 0.01425999 -0.004249989 -0.03314 0.01514995 -0.002679944 -0.02824997 0.01453 -0.004249989 -0.02983999 0.01475 -0.004079997 -0.03145998 0.01500999 -0.002679944 -0.03141999 0.01301997 -0.004899978 -0.03143996 0.01425999 -0.004249989 -0.03314 0.01475 -0.004079997 -0.03145998 0.01453 -0.004249989 -0.02983999 0.007279992 -0.002679944 0.08079999 0.007279992 0.002679944 0.08079999 0.006299972 0.004249989 0.08298999 0.006299972 -0.004249989 0.08298999 0.006299972 -0.004249989 0.08298999 0.006299972 0.004249989 0.08298999 0.004649996 0.004899978 0.08389997 0.004649996 -0.004899978 0.08389997 0.01301997 0.004899978 0.03143996 0.004649996 0.004899978 0.08389997 0.006299972 0.004249989 0.08298999 0.01425999 0.004249989 0.03314 0.01425999 0.004249989 0.03314 0.006299972 0.004249989 0.08298999 0.007279992 0.002679944 0.08079999 0.01466 0.002679944 0.03454995 0.01301997 -0.004899978 -0.03143996 0.004649996 -0.004899978 -0.08389997 0.006299972 -0.004249989 -0.08298999 0.01425999 -0.004249989 -0.03314 0.01425999 -0.004249989 -0.03314 0.006299972 -0.004249989 -0.08298999 0.007279992 -0.002679944 -0.08079999 0.01466 -0.002679944 -0.03454995 0.004649996 -0.004899978 -0.08389997 0.004649996 0.004899978 -0.08389997 0.006299972 0.004249989 -0.08298999 0.006299972 -0.004249989 -0.08298999 0.006299972 -0.004249989 -0.08298999 0.006299972 0.004249989 -0.08298999 0.007279992 0.002679944 -0.08079999 0.007279992 -0.002679944 -0.08079999 0.004649996 0.004899978 -0.08389997 0.01301997 0.004899978 -0.03143996 0.01425999 0.004249989 -0.03314 0.006299972 0.004249989 -0.08298999 0.006299972 0.004249989 -0.08298999 0.01425999 0.004249989 -0.03314 0.01466 0.002679944 -0.03454995 0.007279992 0.002679944 -0.08079999 0.01301997 0.004899978 -0.03143996 0.01301997 0.004899978 0.03143996 0.01453 0.004249989 0.02983999 0.01453 0.004249989 -0.02983999 0.01453 0.004249989 -0.02983999 0.01453 0.004249989 0.02983999 0.01514995 0.002679944 0.02824997 0.01514995 0.002679944 -0.02824997 0.004649996 -0.004899978 0.08389997 0.01301997 -0.004899978 0.03143996 0.01425999 -0.004249989 0.03314 0.006299972 -0.004249989 0.08298999 0.006299972 -0.004249989 0.08298999 0.01425999 -0.004249989 0.03314 0.01466 -0.002679944 0.03454995 0.007279992 -0.002679944 0.08079999 0.01301997 -0.004899978 0.03143996 0.01301997 -0.004899978 -0.03143996 0.01453 -0.004249989 -0.02983999 0.01453 -0.004249989 0.02983999 0.01453 -0.004249989 0.02983999 0.01453 -0.004249989 -0.02983999 0.01514995 -0.002679944 -0.02824997 0.01514995 -0.002679944 0.02824997 0.01514995 -0.002679944 0.02824997 0.01514995 0.002679944 0.02824997 0.01500999 0.002679944 0.03141999 0.01500999 -0.002679944 0.03141999 0.01500999 -0.002679944 0.03141999 0.01500999 0.002679944 0.03141999 0.01466 0.002679944 0.03454995 0.01466 -0.002679944 0.03454995 0.01466 -0.002679944 -0.03454995 0.01466 0.002679944 -0.03454995 0.01500999 0.002679944 -0.03141999 0.01500999 -0.002679944 -0.03141999 0.01500999 -0.002679944 -0.03141999 0.01500999 0.002679944 -0.03141999 0.01514995 0.002679944 -0.02824997 0.01514995 -0.002679944 -0.02824997 0.004649996 0.004899978 -0.08389997 0.004649996 -0.004899978 -0.08389997 -1.8e-4 -0.004899978 -0.08389997 -1.8e-4 0.004899978 -0.08389997</float_array>
          <technique_common>
            <accessor source="#__04-mesh-positions-array" count="264" stride="3">
              <param name="X" type="float"/>
              <param name="Y" type="float"/>
              <param name="Z" type="float"/>
            </accessor>
          </technique_common>
        </source>
        <source id="__04-mesh-normals">
          <float_array id="__04-mesh-normals-array" count="459">0 1 0 1 0 0 0 -1 0 0 0 1 -1 0 0 -1 0 0 -1 0 0 0 0 -1 0 -1 0 0 -1 0 0 -1 1.24194e-7 0.7071126 0 -0.7071011 0.7070969 0 -0.7071168 0.7071068 -0.7071068 0 0.7071126 0 0.7071011 0.7070969 0 0.7071168 0.7071068 0.7071068 0 -0.9875099 0 -0.1575573 0.9875072 0 0.1575741 0 -1 0 0 -1 0 0 1 0 0 1 0 0.9875072 0 -0.1575741 0 1 0 0 1 0 0 -1 0 0 -1 0 -0.9875099 0 0.1575573 0.9472273 0.2794306 -0.1570956 0.9472365 0.2794042 -0.1570878 0.9472392 0.279397 -0.1570836 0.9472423 0.2793893 -0.1570786 0.4274167 0.9033793 -0.03493994 0.4275283 0.9033267 -0.0349375 0.4274772 0.9033524 -0.03489655 0.4275236 0.9033275 -0.03497189 0.9584484 0.2851958 0.006337225 0.9584527 0.2851818 0.006329953 0.9584515 0.2851855 0.006333589 0.9584427 0.2852145 0.006351411 0.9472273 0.2794306 0.1570956 0.947227 0.2794304 0.157098 0.9472392 0.279397 0.1570836 0.9472364 0.2794042 0.1570878 0.9584484 0.2851958 -0.006337225 0.9584427 0.2852145 -0.006351411 0.9584515 0.2851855 -0.006333589 0.9584526 0.2851818 -0.006329953 0.4274167 0.9033793 0.03493994 0.4275236 0.9033274 0.03497189 0.4274772 0.9033524 0.03489655 0.4275283 0.9033267 0.0349375 0.9472273 -0.2794306 0.1570956 0.9472365 -0.2794042 0.1570878 0.9472392 -0.279397 0.1570836 0.9472423 -0.2793893 0.1570786 0.4274167 -0.9033793 0.03493994 0.4275283 -0.9033267 0.0349375 0.4274772 -0.9033524 0.03489655 0.4275236 -0.9033275 0.03497189 0.9584484 -0.2851958 -0.006337225 0.9584527 -0.2851818 -0.006329953 0.9584515 -0.2851855 -0.006333589 0.9584427 -0.2852145 -0.006351411 0.9472273 -0.2794306 -0.1570956 0.947227 -0.2794304 -0.157098 0.9472392 -0.279397 -0.1570836 0.9472364 -0.2794042 -0.1570878 0.9584484 -0.2851958 0.006337225 0.9584427 -0.2852145 0.006351411 0.9584515 -0.2851855 0.006333589 0.9584526 -0.2851818 0.006329953 0.4274167 -0.9033793 -0.03493994 0.4275236 -0.9033274 -0.03497189 0.4274772 -0.9033524 -0.03489655 0.4275283 -0.9033267 -0.0349375 0.9139292 -1.28584e-7 0.4058735 0.9139094 1.26776e-7 0.4059182 0.9139291 0 0.4058741 0.9139294 0 0.4058734 0.4819711 0 0.8761872 0.4820128 0 0.8761642 0.4819709 0 0.8761873 0.4820132 0 0.8761641 0.3964706 0.9158658 0.06325405 0.3964393 0.9158796 0.06324982 0.3963316 0.9159273 0.06323313 0.3964594 0.9158708 0.0632525 0.9195607 0.3645323 0.1467112 0.9195455 0.3645712 0.14671 0.9195604 0.3645336 0.1467109 0.9195492 0.364562 0.1467099 0.3964706 -0.9158658 -0.06325405 0.3964393 -0.9158796 -0.06324982 0.3963316 -0.9159273 -0.06323313 0.3964594 -0.9158708 -0.0632525 0.9195607 -0.3645323 -0.1467112 0.9195455 -0.3645712 -0.14671 0.9195604 -0.3645336 -0.1467109 0.9195492 -0.364562 -0.1467099 0.4820126 0 -0.8761643 0.4820974 0 -0.8761177 0.4819713 0 -0.8761871 0.4819705 0 -0.8761875 0.9139292 0 -0.4058737 0.9139103 0 -0.4059161 0.9139297 1.28584e-7 -0.4058727 0.9139094 -1.26776e-7 -0.4059182 0.3965101 0.9158485 -0.06325608 0.3964573 0.9158717 -0.06325256 0.3964335 0.9158821 -0.06324911 0.3964709 0.9158658 -0.06325238 0.9195364 0.3645952 -0.1467083 0.9195355 0.3645961 -0.1467116 0.9195367 0.3645933 -0.1467114 0.9195477 0.3645659 -0.1467099 0.3974552 0.9176216 -1.47161e-7 0.3974556 0.9176214 1.47615e-7 0.3974557 0.9176214 0 0.3974113 0.9176406 0 0.9296967 0.3683263 0 0.9296964 0.3683267 0 0.9296964 0.3683267 0 0.929679 0.3683708 0 0.3965101 -0.9158485 0.06325608 0.3964573 -0.9158717 0.06325256 0.3964335 -0.9158821 0.06324911 0.3964709 -0.9158658 0.06325238 0.9195364 -0.3645952 0.1467083 0.9195355 -0.3645961 0.1467116 0.9195367 -0.3645933 0.1467114 0.9195477 -0.3645659 0.1467099 0.3974552 -0.9176216 1.47161e-7 0.3974556 -0.9176214 -1.47615e-7 0.3974557 -0.9176214 0 0.3974113 -0.9176406 0 0.9296967 -0.3683263 0 0.9296964 -0.3683267 0 0.9296964 -0.3683267 0 0.929679 -0.3683708 0 0.9989553 0 0.04570144 0.9989573 0 0.04565352 0.9989553 0 0.04570144 0.9989573 5.14731e-7 0.04565352 0.9938061 0 0.1111285 0.993806 0 0.1111286 0.993806 0 -0.1111286 0.9938061 0 -0.1111285 0.9989553 0 -0.04570144 0.9989573 -5.14731e-7 -0.04565352 0.9989553 0 -0.04570144 0.9989573 0 -0.04565352</float_array>
          <technique_common>
            <accessor source="#__04-mesh-normals-array" count="153" stride="3">
              <param name="X" type="float"/>
              <param name="Y" type="float"/>
              <param name="Z" type="float"/>
            </accessor>
          </technique_common>
        </source>
        <source id="__04-mesh-map-0">
          <float_array id="__04-mesh-map-0-array" count="864">0.76859 0.05585998 0.76859 0.49596 0.77273 0.49596 0.76859 0.05585998 0.77273 0.49596 0.77273 0.05585998 0.27339 0.05360001 0.1382499 0.05360001 0.1382499 0.49031 0.27339 0.05360001 0.1382499 0.49031 0.27339 0.49031 0.38653 0.49031 0.38653 0.05020999 0.38235 0.05020999 0.38653 0.49031 0.38235 0.05020999 0.38235 0.49031 0.37466 0.11545 0.37466 0.26586 0.37887 0.26586 0.37466 0.11545 0.37887 0.26586 0.37887 0.11545 0.08155 0.48255 0.00713998 0.48255 0 0.49031 0.08155 0.48255 0 0.49031 0.1382499 0.49031 0.08155 0.05798 0.08155 0.48255 0.1382499 0.49031 0.08155 0.05798 0.1382499 0.49031 0.1382499 0.05020999 0.00713998 0.05798 0.08155 0.05798 0.1382499 0.05020999 0.00713998 0.05798 0.1382499 0.05020999 0 0.05020999 0.00713998 0.48255 0.00713998 0.05798 0 0.05020999 0.00713998 0.48255 0 0.05020999 0 0.49031 0.85118 0.06247001 0.85118 0.48704 0.92559 0.48704 0.85118 0.06247001 0.92559 0.48704 0.92559 0.06247001 0.39023 1 0.78046 1 0.78046 0.49596 0.39023 1 0.78046 0.49596 0.39023 0.49596 0.27339 0.00326997 0.27339 0.49031 0.3441 0.49031 0.27339 0.00326997 0.3441 0.49031 0.3441 0.00326997 0.78046 1 0.85488 1 0.85488 0.48704 0.78046 1 0.85488 0.48704 0.78046 0.48704 0.92929 0.48704 0.85488 0.48704 0.85488 1 0.92929 0.48704 0.85488 1 0.92929 1 0.37827 0.98713 0.01196998 0.98713 0 1 0.37827 0.98713 0 1 0.39023 1 0.01196998 0.5031901 0.37827 0.5031901 0.39023 0.49031 0.01196998 0.5031901 0.39023 0.49031 0 0.49031 0.37827 0.5031901 0.37827 0.98713 0.39023 1 0.37827 0.5031901 0.39023 1 0.39023 0.49031 0.01196998 0.98713 0.01196998 0.5031901 0 0.49031 0.01196998 0.98713 0 0.49031 0 1 0.75653 0.01201999 0.39023 0.01201999 0.39023 0.49596 0.75653 0.01201999 0.39023 0.49596 0.75653 0.49596 0.9963 0.48704 0.9963 0.08850997 0.92559 0.08850997 0.9963 0.48704 0.92559 0.08850997 0.92559 0.48704 0.92929 0.60146 0.92929 1 1 1 0.92929 0.60146 1 1 1 0.60146 0.78046 0 0.78046 0.48704 0.85118 0.48704 0.78046 0 0.85118 0.48704 0.85118 0 0.35001 0.26417 0.35001 0.1171399 0.34831 0.11545 0.35001 0.26417 0.34831 0.11545 0.34831 0.26586 0.38235 0.49031 0.38235 0.05020999 0.38057 0.05190998 0.38235 0.49031 0.38057 0.05190998 0.38057 0.48862 0.38057 0.26417 0.38057 0.1171399 0.37887 0.11545 0.38057 0.26417 0.37887 0.11545 0.37887 0.26586 0.77458 0.49427 0.77458 0.05756002 0.77273 0.05585998 0.77458 0.49427 0.77273 0.05585998 0.77273 0.49596 0.3441 0.11545 0.3441 0.26586 0.34831 0.26586 0.3441 0.11545 0.34831 0.26586 0.34831 0.11545 0.76859 0.4258 0.75653 0.4258 0.75653 0.49596 0.76859 0.4258 0.75653 0.49596 0.76859 0.49596 0.76007 0.26858 0.76665 0.26858 0.76665 0.2067099 0.76007 0.26858 0.76665 0.2067099 0.76007 0.2067099 0.34636 0.33603 0.35223 0.33603 0.36241 0.26586 0.34636 0.33603 0.36241 0.26586 0.35653 0.26586 0.37051 0.42015 0.3647 0.42015 0.37476 0.49031 0.37051 0.42015 0.37476 0.49031 0.38057 0.49031 0.76007 0.1142899 0.76665 0.1142899 0.76665 0.05242997 0.76007 0.1142899 0.76665 0.05242997 0.76007 0.05242997 0.38057 0.26586 0.37476 0.26586 0.3647 0.33603 0.38057 0.26586 0.3647 0.33603 0.37051 0.33603 0.76007 0.1982899 0.76665 0.1982899 0.76665 0.1227099 0.76007 0.1982899 0.76665 0.1227099 0.76007 0.1227099 0.3661 0.26586 0.3661 0.25275 0.36019 0.25275 0.3661 0.26586 0.36019 0.25275 0.36019 0.26586 0.34636 0.42015 0.35223 0.42015 0.35223 0.33603 0.34636 0.42015 0.35223 0.33603 0.34636 0.33603 0.35653 0.49031 0.36241 0.49031 0.35223 0.42015 0.35653 0.49031 0.35223 0.42015 0.34636 0.42015 0.37051 0.33603 0.3647 0.33603 0.3647 0.42015 0.37051 0.33603 0.3647 0.42015 0.37051 0.42015 0.76859 0.27151 0.75653 0.27151 0.75653 0.34168 0.76859 0.27151 0.75653 0.34168 0.76859 0.34168 0.76859 0.34168 0.75653 0.34168 0.75653 0.4258 0.76859 0.34168 0.75653 0.4258 0.76859 0.4258 0.76007 0.1142899 0.75814 0.1161699 0.75835 0.11842 0.76007 0.1142899 0.75835 0.11842 0.76007 0.11848 0.3647 0.42015 0.36272 0.418 0.36241 0.42017 0.3647 0.42015 0.36241 0.42017 0.36305 0.42242 0.76007 0.1227099 0.76007 0.11848 0.75835 0.11842 0.76007 0.1227099 0.75835 0.11842 0.75814 0.1205899 0.76007 0.2067099 0.76007 0.20253 0.75835 0.2025799 0.76007 0.2067099 0.75835 0.2025799 0.75814 0.2048299 0.76007 0.1982899 0.75814 0.20041 0.75835 0.2025799 0.76007 0.1982899 0.75835 0.2025799 0.76007 0.20253 0.3647 0.33603 0.36305 0.33376 0.36241 0.33601 0.3647 0.33603 0.36241 0.33601 0.36272 0.33818 0.76665 0.2067099 0.76859 0.2048299 0.76838 0.2025799 0.76665 0.2067099 0.76838 0.2025799 0.76665 0.20253 0.34636 0.42015 0.3444 0.418 0.3441 0.42017 0.34636 0.42015 0.3441 0.42017 0.34473 0.42242 0.76665 0.1982899 0.76665 0.20253 0.76838 0.2025799 0.76665 0.1982899 0.76838 0.2025799 0.76859 0.20041 0.76665 0.1142899 0.76665 0.11848 0.76838 0.11842 0.76665 0.1142899 0.76838 0.11842 0.76859 0.1161699 0.76665 0.1227099 0.76859 0.1205899 0.76838 0.11842 0.76665 0.1227099 0.76838 0.11842 0.76665 0.11848 0.34636 0.33603 0.34473 0.33376 0.3441 0.33601 0.34636 0.33603 0.3441 0.33601 0.3444 0.33818 0.76665 0.26858 0.76007 0.26858 0.75814 0.27151 0.76665 0.26858 0.75814 0.27151 0.76859 0.27151 0.35806 0.25362 0.35806 0.26499 0.36019 0.26586 0.35806 0.25362 0.36019 0.26586 0.36019 0.25275 0.3647 0.33603 0.37476 0.26586 0.37261 0.26708 0.3647 0.33603 0.37261 0.26708 0.36305 0.33376 0.75814 0.2048299 0.75814 0.27151 0.76007 0.26858 0.75814 0.2048299 0.76007 0.26858 0.76007 0.2067099 0.34636 0.33603 0.35653 0.26586 0.3544 0.26708 0.34636 0.33603 0.3544 0.26708 0.34473 0.33376 0.76859 0.1161699 0.76859 0.04948997 0.76665 0.05242997 0.76859 0.1161699 0.76665 0.05242997 0.76665 0.1142899 0.35214 0.26586 0.35214 0.25275 0.35001 0.25362 0.35214 0.26586 0.35001 0.25362 0.35001 0.26499 0.76859 0.04948997 0.75814 0.04948997 0.76007 0.05242997 0.76859 0.04948997 0.76007 0.05242997 0.76665 0.05242997 0.37476 0.49031 0.3647 0.42015 0.36305 0.42242 0.37476 0.49031 0.36305 0.42242 0.37261 0.4891 0.75814 0.04948997 0.75814 0.1161699 0.76007 0.1142899 0.75814 0.04948997 0.76007 0.1142899 0.76007 0.05242997 0.3647 0.42015 0.3647 0.33603 0.36272 0.33818 0.3647 0.42015 0.36272 0.33818 0.36272 0.418 0.75814 0.1205899 0.75814 0.20041 0.76007 0.1982899 0.75814 0.1205899 0.76007 0.1982899 0.76007 0.1227099 0.35653 0.49031 0.34636 0.42015 0.34473 0.42242 0.35653 0.49031 0.34473 0.42242 0.3544 0.4891 0.76859 0.27151 0.76859 0.2048299 0.76665 0.2067099 0.76859 0.27151 0.76665 0.2067099 0.76665 0.26858 0.34636 0.42015 0.34636 0.33603 0.3444 0.33818 0.34636 0.42015 0.3444 0.33818 0.3444 0.418 0.76859 0.20041 0.76859 0.1205899 0.76665 0.1227099 0.76859 0.20041 0.76665 0.1227099 0.76665 0.1982899 0.76665 0.1982899 0.76007 0.1982899 0.76007 0.20253 0.76665 0.1982899 0.76007 0.20253 0.76665 0.20253 0.76665 0.20253 0.76007 0.20253 0.76007 0.2067099 0.76665 0.20253 0.76007 0.2067099 0.76665 0.2067099 0.76665 0.1142899 0.76007 0.1142899 0.76007 0.11848 0.76665 0.1142899 0.76007 0.11848 0.76665 0.11848 0.76665 0.11848 0.76007 0.11848 0.76007 0.1227099 0.76665 0.11848 0.76007 0.1227099 0.76665 0.1227099 0.35214 0.25275 0.35214 0.26586 0.35806 0.26586 0.35214 0.25275 0.35806 0.26586 0.35806 0.25275</float_array>
          <technique_common>
            <accessor source="#__04-mesh-map-0-array" count="432" stride="2">
              <param name="S" type="float"/>
              <param name="T" type="float"/>
            </accessor>
          </technique_common>
        </source>
        <vertices id="__04-mesh-vertices">
          <input semantic="POSITION" source="#__04-mesh-positions"/>
        </vertices>
        <triangles material="material_3-material" count="144">
          <input semantic="VERTEX" source="#__04-mesh-vertices" offset="0"/>
          <input semantic="NORMAL" source="#__04-mesh-normals" offset="1"/>
          <input semantic="TEXCOORD" source="#__04-mesh-map-0" offset="2" set="0"/>
          <p>0 0 0 1 0 1 2 0 2 0 0 3 2 0 4 3 0 5 4 1 6 5 1 7 6 1 8 4 1 9 6 1 10 7 1 11 8 2 12 9 2 13 10 2 14 8 2 15 10 2 16 11 2 17 12 3 18 13 3 19 14 3 20 12 3 21 14 3 22 15 3 23 16 4 24 17 4 25 18 4 26 16 4 27 18 4 28 19 4 29 20 5 30 16 5 31 19 5 32 20 4 33 19 4 34 21 4 35 22 4 36 20 4 37 21 4 38 22 4 39 21 4 40 23 4 41 17 6 42 22 6 43 23 6 44 17 4 45 23 4 46 18 4 47 24 4 48 25 4 49 26 4 50 24 4 51 26 4 52 27 4 53 28 0 54 29 0 55 30 0 56 28 0 57 30 0 58 31 0 59 32 3 60 33 3 61 34 3 62 32 3 63 34 3 64 35 3 65 36 3 66 37 3 67 38 3 68 36 3 69 38 3 70 39 3 71 40 7 72 41 7 73 42 7 74 40 7 75 42 7 76 43 7 77 44 2 78 45 2 79 46 2 80 44 2 81 46 2 82 47 2 83 48 2 84 49 2 85 50 2 86 48 2 87 50 2 88 51 2 89 49 8 90 44 8 91 47 8 92 49 2 93 47 2 94 50 2 95 45 9 96 48 9 97 51 9 98 45 10 99 51 10 100 46 10 101 52 2 102 53 2 103 54 2 104 52 2 105 54 2 106 55 2 107 56 1 108 57 1 109 58 1 110 56 1 111 58 1 112 59 1 113 60 4 114 61 4 115 62 4 116 60 4 117 62 4 118 63 4 119 64 7 120 65 7 121 66 7 122 64 7 123 66 7 124 67 7 125 68 11 126 69 11 127 70 11 128 68 12 129 70 12 130 71 12 131 72 13 132 73 13 133 74 13 134 72 13 135 74 13 136 75 13 137 76 14 138 77 14 139 78 14 140 76 15 141 78 15 142 79 15 143 80 16 144 81 16 145 82 16 146 80 16 147 82 16 148 83 16 149 84 7 150 85 7 151 86 7 152 84 7 153 86 7 154 87 7 155 88 17 156 89 17 157 90 17 158 88 17 159 90 17 160 91 17 161 92 18 162 93 18 163 94 18 164 92 18 165 94 18 166 95 18 167 96 19 168 97 19 169 98 19 170 96 20 171 98 20 172 99 20 173 100 21 174 101 21 175 102 21 176 100 22 177 102 22 178 103 22 179 104 23 180 105 23 181 106 23 182 104 23 183 106 23 184 107 23 185 108 24 186 109 24 187 110 24 188 108 25 189 110 25 190 111 25 191 112 1 192 113 1 193 114 1 194 112 1 195 114 1 196 115 1 197 116 3 198 117 3 199 118 3 200 116 3 201 118 3 202 119 3 203 120 2 204 121 2 205 97 2 206 120 2 207 97 2 208 96 2 209 122 26 210 123 26 211 121 26 212 122 27 213 121 27 214 120 27 215 111 0 216 110 0 217 101 0 218 111 0 219 101 0 220 100 0 221 124 28 222 125 28 223 126 28 224 124 28 225 126 28 226 127 28 227 128 4 228 129 4 229 130 4 230 128 4 231 130 4 232 131 4 233 132 29 234 133 30 235 134 31 236 132 29 237 134 31 238 135 32 239 136 33 240 137 34 241 138 35 242 136 33 243 138 35 244 139 36 245 140 37 246 141 38 247 142 39 248 140 37 249 142 39 250 143 40 251 144 41 252 145 42 253 146 43 254 144 41 255 146 43 256 147 44 257 148 45 258 149 46 259 150 47 260 148 45 261 150 47 262 151 48 263 152 49 264 153 50 265 154 51 266 152 49 267 154 51 268 155 52 269 156 53 270 157 54 271 158 55 272 156 53 273 158 55 274 159 56 275 160 57 276 161 58 277 162 59 278 160 57 279 162 59 280 163 60 281 164 61 282 165 62 283 166 63 284 164 61 285 166 63 286 167 64 287 168 65 288 169 66 289 170 67 290 168 65 291 170 67 292 171 68 293 172 69 294 173 70 295 174 71 296 172 69 297 174 71 298 175 72 299 176 73 300 177 74 301 178 75 302 176 73 303 178 75 304 179 76 305 180 77 306 181 78 307 182 79 308 180 77 309 182 79 310 183 80 311 184 81 312 185 82 313 186 83 314 184 81 315 186 83 316 187 84 317 188 85 318 189 86 319 190 87 320 188 85 321 190 87 322 191 88 323 192 89 324 193 90 325 194 91 326 192 89 327 194 91 328 195 92 329 196 93 330 197 94 331 198 95 332 196 93 333 198 95 334 199 96 335 200 97 336 201 98 337 202 99 338 200 97 339 202 99 340 203 100 341 204 101 342 205 102 343 206 103 344 204 101 345 206 103 346 207 104 347 208 105 348 209 106 349 210 107 350 208 105 351 210 107 352 211 108 353 212 109 354 213 110 355 214 111 356 212 109 357 214 111 358 215 112 359 216 113 360 217 114 361 218 115 362 216 113 363 218 115 364 219 116 365 220 117 366 221 118 367 222 119 368 220 117 369 222 119 370 223 120 371 224 121 372 225 122 373 226 123 374 224 121 375 226 123 376 227 124 377 228 125 378 229 126 379 230 127 380 228 125 381 230 127 382 231 128 383 232 129 384 233 130 385 234 131 386 232 129 387 234 131 388 235 132 389 236 133 390 237 134 391 238 135 392 236 133 393 238 135 394 239 136 395 240 137 396 241 138 397 242 139 398 240 137 399 242 139 400 243 140 401 244 141 402 245 142 403 246 143 404 244 141 405 246 143 406 247 144 407 248 145 408 249 145 409 250 145 410 248 146 411 250 146 412 251 146 413 252 147 414 253 147 415 254 147 416 252 148 417 254 148 418 255 148 419 256 149 420 257 150 421 258 151 422 256 149 423 258 151 424 259 152 425 260 7 426 261 7 427 262 7 428 260 7 429 262 7 430 263 7 431</p>
        </triangles>
      </mesh>
    </geometry>
    <geometry id="__05-mesh" name="2_0">
      <mesh>
        <source id="__05-mesh-positions">
          <float_array id="__05-mesh-positions-array" count="792">-0.004709959 -0.01009994 0.1587 -0.004709959 0.05041998 0.1587 -0.39006 0.05041998 0.1587 -0.39006 -0.01009994 0.1587 -0.004709959 0.05041998 0.1587 -0.004709959 0.05041998 -0.1587 -0.39006 0.05041998 -0.1587 -0.39006 0.05041998 0.1587 -0.004709959 0.05622994 0.16451 -0.004709959 -0.05622994 0.16451 -0.001219987 -0.05622994 0.16451 -0.001219987 0.05622994 0.16451 -0.004709959 -0.05622994 -0.16451 -0.004709959 0.05622994 -0.16451 -0.001219987 0.05622994 -0.16451 -0.001219987 -0.05622994 -0.16451 -0.004709959 0.05622994 -0.16451 -0.004709959 0.05622994 0.16451 -0.001219987 0.05622994 0.16451 -0.001219987 0.05622994 -0.16451 0 -0.05499994 -0.16329 0 0.05499994 -0.16329 0 0.05499994 0.16329 0 -0.05499994 0.16329 -0.004709959 -0.01009994 0.1587 -0.004709959 -0.01009994 -0.1587 -0.004709959 -0.05622994 -0.16451 -0.004709959 -0.05622994 0.16451 -0.004709959 0.05041998 0.1587 -0.004709959 0.05622994 0.16451 -0.004709959 0.05041998 -0.1587 -0.004709959 0.05622994 -0.16451 -0.39006 -0.01009994 -0.1587 -0.39006 -0.01009994 0.1587 -0.39006 0.05041998 0.1587 -0.39006 0.05041998 -0.1587 -0.01444 -0.01009994 0.14897 -0.38033 -0.01009994 0.14897 -0.38033 0.04740995 0.14897 -0.01444 0.04740995 0.14897 -0.004709959 0.05041998 -0.1587 -0.004709959 -0.01009994 -0.1587 -0.39006 -0.01009994 -0.1587 -0.39006 0.05041998 -0.1587 -0.01444 -0.01009994 0.14897 -0.01444 -0.01009994 -0.14897 -0.004709959 -0.01009994 -0.1587 -0.004709959 -0.01009994 0.1587 -0.38033 -0.01009994 -0.14897 -0.38033 -0.01009994 0.14897 -0.39006 -0.01009994 0.1587 -0.39006 -0.01009994 -0.1587 -0.01444 0.04740995 -0.14897 -0.01444 0.04740995 0.14897 -0.38033 0.04740995 0.14897 -0.38033 0.04740995 -0.14897 -0.38033 -0.01009994 -0.14897 -0.01444 -0.01009994 -0.14897 -0.01444 0.04740995 -0.14897 -0.38033 0.04740995 -0.14897 -0.38033 -0.01009994 0.14897 -0.38033 -0.01009994 -0.14897 -0.38033 0.04740995 -0.14897 -0.38033 0.04740995 0.14897 -0.01444 -0.01009994 -0.14897 -0.01444 -0.01009994 0.14897 -0.01444 0.04740995 0.14897 -0.01444 0.04740995 -0.14897 -0.001219987 -0.05622994 0.16451 -0.001219987 -0.05622994 -0.16451 0 -0.05499994 -0.16329 0 -0.05499994 0.16329 -0.001219987 0.05622994 0.16451 -0.001219987 -0.05622994 0.16451 0 -0.05499994 0.16329 0 0.05499994 0.16329 -0.001219987 -0.05622994 -0.16451 -0.001219987 0.05622994 -0.16451 0 0.05499994 -0.16329 0 -0.05499994 -0.16329 -0.001219987 0.05622994 -0.16451 -0.001219987 0.05622994 0.16451 0 0.05499994 0.16329 0 0.05499994 -0.16329 -0.004709959 -0.05622994 0.16451 -0.004709959 -0.05622994 -0.16451 -0.001219987 -0.05622994 -0.16451 -0.001219987 -0.05622994 0.16451 0.007679998 0.007799983 0.03005999 0.007679998 -0.002009987 0.03005999 -6.9e-4 -0.002009987 0.08250999 -6.9e-4 0.007799983 0.08250999 0.006769955 0.005569994 0.07940995 0.006769955 2.2e-4 0.07940995 0.01414996 2.2e-4 0.03315997 0.01414996 0.005569994 0.03315997 0.01251 -0.002009987 -0.03282999 0.007679998 -0.002009987 -0.03282999 -6.9e-4 -0.002009987 -0.08528995 0.004139959 -0.002009987 -0.08528995 0.007679998 0.007799983 -0.03282999 0.01251 0.007799983 -0.03282999 0.004139959 0.007799983 -0.08528995 -6.9e-4 0.007799983 -0.08528995 0.01414996 0.005569994 -0.03593999 0.01414996 2.2e-4 -0.03593999 0.006769955 2.2e-4 -0.08217996 0.006769955 0.005569994 -0.08217996 -6.9e-4 0.007799983 0.08250999 0.004139959 0.007799983 0.08250999 0.01251 0.007799983 0.03005999 0.007679998 0.007799983 0.03005999 0.01463997 0.005569994 0.02685999 0.01463997 2.2e-4 0.02685999 0.01463997 2.2e-4 -0.02963995 0.01463997 0.005569994 -0.02963995 -6.9e-4 0.007799983 0.08250999 -6.9e-4 -0.002009987 0.08250999 0.004139959 -0.002009987 0.08250999 0.004139959 0.007799983 0.08250999 0.01251 -0.002009987 0.03005999 0.007679998 -0.002009987 0.03005999 0.004139959 -0.002009987 0.08250999 -6.9e-4 -0.002009987 0.08250999 -6.9e-4 0.007799983 -0.08528995 -6.9e-4 -0.002009987 -0.08528995 0.007679998 -0.002009987 -0.03282999 0.007679998 0.007799983 -0.03282999 0.007679998 0.007799983 -0.03282999 0.007679998 -0.002009987 -0.03282999 0.007679998 -0.002009987 0.03005999 0.007679998 0.007799983 0.03005999 0.01414996 0.005569994 -0.03593999 0.01374995 0.007149994 -0.03452998 0.01424998 0.006979942 -0.03284996 0.01449996 0.005569994 -0.03280997 0.01251 0.007799983 -0.03282999 0.01401996 0.007149994 -0.03122997 0.01424998 0.006979942 -0.03284996 0.01374995 0.007149994 -0.03452998 0.01463997 0.005569994 -0.02963995 0.01449996 0.005569994 -0.03280997 0.01424998 0.006979942 -0.03284996 0.01401996 0.007149994 -0.03122997 0.01414996 0.005569994 0.03315997 0.01449996 0.005569994 0.03002995 0.01424998 0.006979942 0.03006994 0.01374995 0.007149994 0.03174996 0.01463997 0.005569994 0.02685999 0.01401996 0.007149994 0.02844995 0.01424998 0.006979942 0.03006994 0.01449996 0.005569994 0.03002995 0.01251 0.007799983 0.03005999 0.01374995 0.007149994 0.03174996 0.01424998 0.006979942 0.03006994 0.01401996 0.007149994 0.02844995 0.01414996 2.2e-4 0.03315997 0.01374995 -0.001349985 0.03174996 0.01424998 -0.001179993 0.03006994 0.01449996 2.2e-4 0.03002995 0.01251 -0.002009987 0.03005999 0.01401996 -0.001349985 0.02844995 0.01424998 -0.001179993 0.03006994 0.01374995 -0.001349985 0.03174996 0.01463997 2.2e-4 0.02685999 0.01449996 2.2e-4 0.03002995 0.01424998 -0.001179993 0.03006994 0.01401996 -0.001349985 0.02844995 0.01414996 2.2e-4 -0.03593999 0.01449996 2.2e-4 -0.03280997 0.01424998 -0.001179993 -0.03284996 0.01374995 -0.001349985 -0.03452998 0.01463997 2.2e-4 -0.02963995 0.01401996 -0.001349985 -0.03122997 0.01424998 -0.001179993 -0.03284996 0.01449996 2.2e-4 -0.03280997 0.01251 -0.002009987 -0.03282999 0.01374995 -0.001349985 -0.03452998 0.01424998 -0.001179993 -0.03284996 0.01401996 -0.001349985 -0.03122997 0.006769955 2.2e-4 0.07940995 0.006769955 0.005569994 0.07940995 0.005789995 0.007149994 0.08160001 0.005789995 -0.001349985 0.08160001 0.005789995 -0.001349985 0.08160001 0.005789995 0.007149994 0.08160001 0.004139959 0.007799983 0.08250999 0.004139959 -0.002009987 0.08250999 0.01251 0.007799983 0.03005999 0.004139959 0.007799983 0.08250999 0.005789995 0.007149994 0.08160001 0.01374995 0.007149994 0.03174996 0.01374995 0.007149994 0.03174996 0.005789995 0.007149994 0.08160001 0.006769955 0.005569994 0.07940995 0.01414996 0.005569994 0.03315997 0.01251 -0.002009987 -0.03282999 0.004139959 -0.002009987 -0.08528995 0.005789995 -0.001349985 -0.08437997 0.01374995 -0.001349985 -0.03452998 0.01374995 -0.001349985 -0.03452998 0.005789995 -0.001349985 -0.08437997 0.006769955 2.2e-4 -0.08217996 0.01414996 2.2e-4 -0.03593999 0.004139959 -0.002009987 -0.08528995 0.004139959 0.007799983 -0.08528995 0.005789995 0.007149994 -0.08437997 0.005789995 -0.001349985 -0.08437997 0.005789995 -0.001349985 -0.08437997 0.005789995 0.007149994 -0.08437997 0.006769955 0.005569994 -0.08217996 0.006769955 2.2e-4 -0.08217996 0.004139959 0.007799983 -0.08528995 0.01251 0.007799983 -0.03282999 0.01374995 0.007149994 -0.03452998 0.005789995 0.007149994 -0.08437997 0.005789995 0.007149994 -0.08437997 0.01374995 0.007149994 -0.03452998 0.01414996 0.005569994 -0.03593999 0.006769955 0.005569994 -0.08217996 0.01251 0.007799983 -0.03282999 0.01251 0.007799983 0.03005999 0.01401996 0.007149994 0.02844995 0.01401996 0.007149994 -0.03122997 0.01401996 0.007149994 -0.03122997 0.01401996 0.007149994 0.02844995 0.01463997 0.005569994 0.02685999 0.01463997 0.005569994 -0.02963995 0.004139959 -0.002009987 0.08250999 0.01251 -0.002009987 0.03005999 0.01374995 -0.001349985 0.03174996 0.005789995 -0.001349985 0.08160001 0.005789995 -0.001349985 0.08160001 0.01374995 -0.001349985 0.03174996 0.01414996 2.2e-4 0.03315997 0.006769955 2.2e-4 0.07940995 0.01251 -0.002009987 0.03005999 0.01251 -0.002009987 -0.03282999 0.01401996 -0.001349985 -0.03122997 0.01401996 -0.001349985 0.02844995 0.01401996 -0.001349985 0.02844995 0.01401996 -0.001349985 -0.03122997 0.01463997 2.2e-4 -0.02963995 0.01463997 2.2e-4 0.02685999 0.01463997 2.2e-4 0.02685999 0.01463997 0.005569994 0.02685999 0.01449996 0.005569994 0.03002995 0.01449996 2.2e-4 0.03002995 0.01449996 2.2e-4 0.03002995 0.01449996 0.005569994 0.03002995 0.01414996 0.005569994 0.03315997 0.01414996 2.2e-4 0.03315997 0.01414996 2.2e-4 -0.03593999 0.01414996 0.005569994 -0.03593999 0.01449996 0.005569994 -0.03280997 0.01449996 2.2e-4 -0.03280997 0.01449996 2.2e-4 -0.03280997 0.01449996 0.005569994 -0.03280997 0.01463997 0.005569994 -0.02963995 0.01463997 2.2e-4 -0.02963995 0.004139959 0.007799983 -0.08528995 0.004139959 -0.002009987 -0.08528995 -6.9e-4 -0.002009987 -0.08528995 -6.9e-4 0.007799983 -0.08528995</float_array>
          <technique_common>
            <accessor source="#__05-mesh-positions-array" count="264" stride="3">
              <param name="X" type="float"/>
              <param name="Y" type="float"/>
              <param name="Z" type="float"/>
            </accessor>
          </technique_common>
        </source>
        <source id="__05-mesh-normals">
          <float_array id="__05-mesh-normals-array" count="465">0 0 1 0 1 0 0 0 -1 1 0 0 -1 0 0 -1 0 0 -1 0 0 0 -1 0 0 -1 0 0 -1 0 0 -1 1.24194e-7 0.7070781 -0.7071354 0 0.707112 -0.7071016 0 0.707112 -0.7071016 0 0.7070782 -0.7071355 0 0.7071034 0 0.7071102 0.7071065 0 0.7071071 0.7071034 0 -0.7071102 0.7071065 0 -0.7071071 0.7070781 0.7071354 0 0.707112 0.7071016 0 0.707112 0.7071016 0 0.7070782 0.7071355 0 -0.9875052 0 -0.1575866 -0.9875052 0 -0.1575866 0.9875072 0 0.1575741 0.9875072 0 0.1575741 0.9875019 0 -0.1576073 0.9875019 0 -0.1576073 0 -1 0 0 -1 0 -0.9875099 0 0.1575573 -0.9875099 0 0.1575573 0.9472278 0.2794271 -0.1570991 0.9472301 0.2794209 -0.1570963 0.9472419 0.2793897 -0.1570809 0.9472335 0.2794117 -0.1570922 0.427528 0.9033267 -0.03493988 0.4275636 0.9033095 -0.03494948 0.4274832 0.9033479 -0.03493654 0.4275117 0.9033344 -0.0349422 0.9584496 0.2851919 0.006336808 0.9584447 0.285208 0.006346285 0.9584491 0.2851932 0.00633949 0.9584518 0.285184 0.006334125 0.947228 0.2794264 0.157099 0.9472333 0.2794122 0.1570921 0.947242 0.2793894 0.1570807 0.9472307 0.279419 0.1570958 0.9584494 0.2851921 -0.006336867 0.9584521 0.2851836 -0.006334185 0.958449 0.2851936 -0.00633949 0.9584444 0.2852089 -0.006346404 0.4274765 0.9033512 0.03493732 0.4275373 0.9033223 0.03493815 0.4275611 0.903311 0.03494238 0.427583 0.9033001 0.03495746 0.9472307 -0.27942 0.1570937 0.9472414 -0.2793913 0.1570805 0.9472289 -0.2794246 0.157097 0.947237 -0.2794018 0.1570885 0.4275256 -0.9033278 0.03493946 0.4274902 -0.9033439 0.03495937 0.4275146 -0.9033331 0.03493899 0.4275319 -0.9033248 0.03494262 0.9584426 -0.285215 -0.006347119 0.9584519 -0.285184 -0.006333649 0.9584414 -0.285219 -0.006347477 0.9584448 -0.2852076 -0.006346642 0.9472305 -0.2794208 -0.1570941 0.9472371 -0.2794015 -0.1570888 0.9472287 -0.279425 -0.1570972 0.9472408 -0.2793932 -0.157081 0.9584427 -0.2852146 0.00634706 0.9584447 -0.2852082 0.006346583 0.9584551 -0.2851737 0.006330013 0.9584522 -0.2851828 0.006333589 0.4275321 -0.9033248 -0.03494012 0.4274963 -0.9033426 -0.0349164 0.4274793 -0.9033499 -0.0349369 0.4275057 -0.9033368 -0.03495174 0.9139097 -1.26405e-7 0.4059174 0.9139288 -1.50758e-7 0.4058749 0.9139094 0 0.4059181 0.9139294 0 0.4058734 0.4819704 0 0.8761876 0.4819705 0 0.8761875 0.4820964 0 0.8761182 0.4819703 0 0.8761876 0.396417 0.9158895 0.06324714 0.3964467 0.9158763 0.06325089 0.3963438 0.9159219 0.06323659 0.3964188 0.9158887 0.06324714 0.9196116 0.3643982 0.146726 0.9195319 0.3646057 0.1467104 0.9195644 0.3645235 0.1467104 0.9195493 0.364562 0.1467095 0.3964368 -0.9158806 -0.06324964 0.3964192 -0.9158885 -0.0632463 0.3964415 -0.9158785 -0.06325012 0.396425 -0.915886 -0.06324732 0.9195463 -0.3645695 -0.1467101 0.9195474 -0.3645664 -0.1467103 0.9195576 -0.3645405 -0.1467108 0.9195569 -0.3645423 -0.1467108 0.4819666 0 -0.8761896 0.4819751 0 -0.8761849 0.481974 0 -0.8761855 0.481965 0 -0.8761906 0.9138972 0 -0.4059457 0.9138594 0 -0.4060308 0.9138592 0 -0.4060314 0.9139161 0 -0.4059032 0.3965099 0.9158486 -0.06325614 0.3964138 0.9158908 -0.06324589 0.3964336 0.9158821 -0.06324893 0.3964706 0.9158658 -0.06325244 0.9195033 0.3646785 -0.1467087 0.9195586 0.3645366 -0.1467142 0.9196109 0.3643894 -0.1467525 0.9195682 0.3645137 -0.1467112 0.3974113 0.9176406 -1.45081e-7 0.3974559 0.9176214 1.54949e-7 0.3974558 0.9176213 0 0.3974113 0.9176406 0 0.9296634 0.3684101 0 0.9296639 0.368409 0 0.9296815 0.3683645 0 0.9296811 0.3683656 0 0.3964588 -0.9158709 0.06325346 0.3964195 -0.9158883 0.06324642 0.3964348 -0.9158816 0.06324905 0.3964526 -0.9158737 0.06325215 0.9195537 -0.3645505 0.1467107 0.9195357 -0.3645955 0.1467115 0.9195369 -0.3645927 0.1467113 0.9195477 -0.3645658 0.1467097 0.3974236 -0.9176353 0 0.3974231 -0.9176355 0 0.3974231 -0.9176356 0 0.3974236 -0.9176353 0 0.9296786 -0.3683719 0 0.9296788 -0.3683712 0 0.9296788 -0.3683713 0 0.9296786 -0.3683719 0 0.9989553 0 0.04570144 0.9989553 0 0.04570144 0.9989553 0 0.04570144 0.9989553 7.5825e-7 0.04570144 0.9938061 0 0.1111283 0.9938061 0 -0.1111283 0.9989553 0 -0.04570144 0.9989573 -5.14731e-7 -0.04565358 0.9989553 0 -0.04570144 0.9989553 0 -0.04570144</float_array>
          <technique_common>
            <accessor source="#__05-mesh-normals-array" count="155" stride="3">
              <param name="X" type="float"/>
              <param name="Y" type="float"/>
              <param name="Z" type="float"/>
            </accessor>
          </technique_common>
        </source>
        <source id="__05-mesh-map-0">
          <float_array id="__05-mesh-map-0-array" count="864">0.78046 1 0.85488 1 0.85488 0.48704 0.78046 1 0.85488 0.48704 0.78046 0.48704 0.39023 1 0.78046 1 0.78046 0.49596 0.39023 1 0.78046 0.49596 0.39023 0.49596 0.35603 0.26586 0.35603 0.11545 0.35176 0.11545 0.35603 0.26586 0.35176 0.11545 0.35176 0.26586 0.35012 0.26586 0.35012 0.11545 0.34585 0.11545 0.35012 0.26586 0.34585 0.11545 0.34585 0.26586 0.76859 0.05585998 0.76859 0.49596 0.77279 0.49596 0.76859 0.05585998 0.77279 0.49596 0.77279 0.05585998 0.2735 0.05348002 0.1382499 0.05348002 0.1382499 0.49031 0.2735 0.05348002 0.1382499 0.49031 0.2735 0.49031 0.08155 0.05798 0.08155 0.48255 0.1382499 0.49031 0.08155 0.05798 0.1382499 0.49031 0.1382499 0.05020999 0.00713998 0.05798 0.08155 0.05798 0.1382499 0.05020999 0.00713998 0.05798 0.1382499 0.05020999 0 0.05020999 0.08155 0.48255 0.00713998 0.48255 0 0.49031 0.08155 0.48255 0 0.49031 0.1382499 0.49031 0.00713998 0.48255 0.00713998 0.05798 0 0.05020999 0.00713998 0.48255 0 0.05020999 0 0.49031 0.92559 0.48704 0.92559 0.06247001 0.85118 0.06247001 0.92559 0.48704 0.85118 0.06247001 0.85118 0.48704 0.2735 0.00326997 0.2735 0.49031 0.34421 0.49031 0.2735 0.00326997 0.34421 0.49031 0.34421 0.00326997 0.92929 0.48704 0.85488 0.48704 0.85488 1 0.92929 0.48704 0.85488 1 0.92929 1 0.01196998 0.5031901 0.37827 0.5031901 0.39023 0.49031 0.01196998 0.5031901 0.39023 0.49031 0 0.49031 0.37827 0.98713 0.01196998 0.98713 0 1 0.37827 0.98713 0 1 0.39023 1 0.01196998 0.98713 0.01196998 0.5031901 0 0.49031 0.01196998 0.98713 0 0.49031 0 1 0.37827 0.5031901 0.37827 0.98713 0.39023 1 0.37827 0.5031901 0.39023 1 0.39023 0.49031 0.39023 0.49596 0.75653 0.49596 0.75653 0.01201999 0.39023 0.49596 0.75653 0.01201999 0.39023 0.01201999 0.78046 0 0.78046 0.48704 0.85118 0.48704 0.78046 0 0.85118 0.48704 0.85118 0 0.92559 0.08850997 0.92559 0.48704 0.9963 0.48704 0.92559 0.08850997 0.9963 0.48704 0.9963 0.08850997 0.92929 0.60146 0.92929 1 1 1 0.92929 0.60146 1 1 1 0.60146 0.3824 0.49031 0.3824 0.05020999 0.38069 0.05185002 0.3824 0.49031 0.38069 0.05185002 0.38069 0.48868 0.35176 0.26586 0.35176 0.11545 0.35012 0.1170799 0.35176 0.26586 0.35012 0.1170799 0.35012 0.26423 0.34585 0.26586 0.34585 0.11545 0.34421 0.1170799 0.34585 0.26586 0.34421 0.1170799 0.34421 0.26423 0.77279 0.05585998 0.77279 0.49596 0.77457 0.49433 0.77279 0.05585998 0.77457 0.49433 0.77457 0.05748999 0.38664 0.49031 0.38664 0.05020999 0.3824 0.05020999 0.38664 0.49031 0.3824 0.05020999 0.3824 0.49031 0.76859 0.4258 0.75653 0.4258 0.75653 0.49596 0.76859 0.4258 0.75653 0.49596 0.76859 0.49596 0.76007 0.26858 0.76665 0.26858 0.76665 0.2067099 0.76007 0.26858 0.76665 0.2067099 0.76007 0.2067099 0.36026 0.42015 0.35438 0.42015 0.34421 0.49031 0.36026 0.42015 0.34421 0.49031 0.35009 0.49031 0.37258 0.33603 0.37839 0.33603 0.36833 0.26586 0.37258 0.33603 0.36833 0.26586 0.36252 0.26586 0.76007 0.1142899 0.76665 0.1142899 0.76665 0.05242997 0.76007 0.1142899 0.76665 0.05242997 0.76007 0.05242997 0.36252 0.49031 0.36833 0.49031 0.37839 0.42015 0.36252 0.49031 0.37839 0.42015 0.37258 0.42015 0.76007 0.1982899 0.76665 0.1982899 0.76665 0.1227099 0.76007 0.1982899 0.76665 0.1227099 0.76007 0.1227099 0.37212 0.26586 0.37212 0.25275 0.36621 0.25275 0.37212 0.26586 0.36621 0.25275 0.36621 0.26586 0.36026 0.33603 0.35438 0.33603 0.35438 0.42015 0.36026 0.33603 0.35438 0.42015 0.36026 0.42015 0.35009 0.26586 0.34421 0.26586 0.35438 0.33603 0.35009 0.26586 0.35438 0.33603 0.36026 0.33603 0.37258 0.42015 0.37839 0.42015 0.37839 0.33603 0.37258 0.42015 0.37839 0.33603 0.37258 0.33603 0.76859 0.27151 0.75653 0.27151 0.75653 0.34168 0.76859 0.27151 0.75653 0.34168 0.76859 0.34168 0.76859 0.34168 0.75653 0.34168 0.75653 0.4258 0.76859 0.34168 0.75653 0.4258 0.76859 0.4258 0.76007 0.1142899 0.75814 0.1161699 0.75835 0.11842 0.76007 0.1142899 0.75835 0.11842 0.76007 0.11848 0.37839 0.33603 0.38037 0.33818 0.38069 0.33601 0.37839 0.33603 0.38069 0.33601 0.38005 0.33376 0.76007 0.1227099 0.76007 0.11848 0.75835 0.11842 0.76007 0.1227099 0.75835 0.11842 0.75814 0.1205899 0.76007 0.2067099 0.76007 0.20253 0.75835 0.2025799 0.76007 0.2067099 0.75835 0.2025799 0.75814 0.2048299 0.76007 0.1982899 0.75814 0.20041 0.75835 0.2025799 0.76007 0.1982899 0.75835 0.2025799 0.76007 0.20253 0.37839 0.42015 0.38005 0.42242 0.38069 0.42017 0.37839 0.42015 0.38069 0.42017 0.38037 0.418 0.76665 0.2067099 0.76859 0.2048299 0.76838 0.2025799 0.76665 0.2067099 0.76838 0.2025799 0.76665 0.20253 0.36026 0.33603 0.36221 0.33818 0.36252 0.33601 0.36026 0.33603 0.36252 0.33601 0.36188 0.33376 0.76665 0.1982899 0.76665 0.20253 0.76838 0.2025799 0.76665 0.1982899 0.76838 0.2025799 0.76859 0.20041 0.76665 0.1142899 0.76665 0.11848 0.76838 0.11842 0.76665 0.1142899 0.76838 0.11842 0.76859 0.1161699 0.76665 0.1227099 0.76859 0.1205899 0.76838 0.11842 0.76665 0.1227099 0.76838 0.11842 0.76665 0.11848 0.36026 0.42015 0.36188 0.42242 0.36252 0.42017 0.36026 0.42015 0.36252 0.42017 0.36221 0.418 0.76665 0.26858 0.76007 0.26858 0.75814 0.27151 0.76665 0.26858 0.75814 0.27151 0.76859 0.27151 0.36408 0.25362 0.36408 0.26499 0.36621 0.26586 0.36408 0.25362 0.36621 0.26586 0.36621 0.25275 0.37839 0.42015 0.36833 0.49031 0.37048 0.4891 0.37839 0.42015 0.37048 0.4891 0.38005 0.42242 0.75814 0.2048299 0.75814 0.27151 0.76007 0.26858 0.75814 0.2048299 0.76007 0.26858 0.76007 0.2067099 0.36026 0.42015 0.35009 0.49031 0.35221 0.4891 0.36026 0.42015 0.35221 0.4891 0.36188 0.42242 0.76859 0.1161699 0.76859 0.04948997 0.76665 0.05242997 0.76859 0.1161699 0.76665 0.05242997 0.76665 0.1142899 0.36194 0.25275 0.36194 0.26586 0.36408 0.26499 0.36194 0.25275 0.36408 0.26499 0.36408 0.25362 0.76859 0.04948997 0.75814 0.04948997 0.76007 0.05242997 0.76859 0.04948997 0.76007 0.05242997 0.76665 0.05242997 0.36833 0.26586 0.37839 0.33603 0.38005 0.33376 0.36833 0.26586 0.38005 0.33376 0.37048 0.26708 0.75814 0.04948997 0.75814 0.1161699 0.76007 0.1142899 0.75814 0.04948997 0.76007 0.1142899 0.76007 0.05242997 0.37839 0.33603 0.37839 0.42015 0.38037 0.418 0.37839 0.33603 0.38037 0.418 0.38037 0.33818 0.75814 0.1205899 0.75814 0.20041 0.76007 0.1982899 0.75814 0.1205899 0.76007 0.1982899 0.76007 0.1227099 0.35009 0.26586 0.36026 0.33603 0.36188 0.33376 0.35009 0.26586 0.36188 0.33376 0.35221 0.26708 0.76859 0.27151 0.76859 0.2048299 0.76665 0.2067099 0.76859 0.27151 0.76665 0.2067099 0.76665 0.26858 0.36026 0.33603 0.36026 0.42015 0.36221 0.418 0.36026 0.33603 0.36221 0.418 0.36221 0.33818 0.76859 0.20041 0.76859 0.1205899 0.76665 0.1227099 0.76859 0.20041 0.76665 0.1227099 0.76665 0.1982899 0.76665 0.1982899 0.76007 0.1982899 0.76007 0.20253 0.76665 0.1982899 0.76007 0.20253 0.76665 0.20253 0.76665 0.20253 0.76007 0.20253 0.76007 0.2067099 0.76665 0.20253 0.76007 0.2067099 0.76665 0.2067099 0.76665 0.1142899 0.76007 0.1142899 0.76007 0.11848 0.76665 0.1142899 0.76007 0.11848 0.76665 0.11848 0.76665 0.11848 0.76007 0.11848 0.76007 0.1227099 0.76665 0.11848 0.76007 0.1227099 0.76665 0.1227099 0.36194 0.26586 0.36194 0.25275 0.35603 0.25275 0.36194 0.26586 0.35603 0.25275 0.35603 0.26586</float_array>
          <technique_common>
            <accessor source="#__05-mesh-map-0-array" count="432" stride="2">
              <param name="S" type="float"/>
              <param name="T" type="float"/>
            </accessor>
          </technique_common>
        </source>
        <vertices id="__05-mesh-vertices">
          <input semantic="POSITION" source="#__05-mesh-positions"/>
        </vertices>
        <triangles material="material_4-material" count="144">
          <input semantic="VERTEX" source="#__05-mesh-vertices" offset="0"/>
          <input semantic="NORMAL" source="#__05-mesh-normals" offset="1"/>
          <input semantic="TEXCOORD" source="#__05-mesh-map-0" offset="2" set="0"/>
          <p>0 0 0 1 0 1 2 0 2 0 0 3 2 0 4 3 0 5 4 1 6 5 1 7 6 1 8 4 1 9 6 1 10 7 1 11 8 0 12 9 0 13 10 0 14 8 0 15 10 0 16 11 0 17 12 2 18 13 2 19 14 2 20 12 2 21 14 2 22 15 2 23 16 1 24 17 1 25 18 1 26 16 1 27 18 1 28 19 1 29 20 3 30 21 3 31 22 3 32 20 3 33 22 3 34 23 3 35 24 4 36 25 4 37 26 4 38 24 5 39 26 5 40 27 5 41 28 5 42 24 5 43 27 5 44 28 5 45 27 5 46 29 5 47 25 5 48 30 5 49 31 5 50 25 5 51 31 5 52 26 5 53 30 6 54 28 6 55 29 6 56 30 5 57 29 5 58 31 5 59 32 5 60 33 5 61 34 5 62 32 5 63 34 5 64 35 5 65 36 2 66 37 2 67 38 2 68 36 2 69 38 2 70 39 2 71 40 2 72 41 2 73 42 2 74 40 2 75 42 2 76 43 2 77 44 7 78 45 7 79 46 7 80 44 7 81 46 7 82 47 7 83 48 7 84 49 7 85 50 7 86 48 7 87 50 7 88 51 7 89 49 8 90 44 8 91 47 8 92 49 7 93 47 7 94 50 7 95 45 9 96 48 9 97 51 9 98 45 10 99 51 10 100 46 10 101 52 7 102 53 7 103 54 7 104 52 7 105 54 7 106 55 7 107 56 0 108 57 0 109 58 0 110 56 0 111 58 0 112 59 0 113 60 3 114 61 3 115 62 3 116 60 3 117 62 3 118 63 3 119 64 5 120 65 5 121 66 5 122 64 5 123 66 5 124 67 5 125 68 11 126 69 12 127 70 13 128 68 11 129 70 13 130 71 14 131 72 15 132 73 15 133 74 15 134 72 16 135 74 16 136 75 16 137 76 17 138 77 17 139 78 17 140 76 18 141 78 18 142 79 18 143 80 19 144 81 20 145 82 21 146 80 19 147 82 21 148 83 22 149 84 7 150 85 7 151 86 7 152 84 7 153 86 7 154 87 7 155 88 23 156 89 23 157 90 23 158 88 24 159 90 24 160 91 24 161 92 25 162 93 25 163 94 25 164 92 26 165 94 26 166 95 26 167 96 7 168 97 7 169 98 7 170 96 7 171 98 7 172 99 7 173 100 1 174 101 1 175 102 1 176 100 1 177 102 1 178 103 1 179 104 27 180 105 27 181 106 27 182 104 28 183 106 28 184 107 28 185 108 1 186 109 1 187 110 1 188 108 1 189 110 1 190 111 1 191 112 3 192 113 3 193 114 3 194 112 3 195 114 3 196 115 3 197 116 0 198 117 0 199 118 0 200 116 0 201 118 0 202 119 0 203 120 7 204 121 7 205 97 7 206 120 7 207 97 7 208 96 7 209 122 29 210 123 29 211 121 29 212 122 30 213 121 30 214 120 30 215 111 1 216 110 1 217 101 1 218 111 1 219 101 1 220 100 1 221 124 31 222 125 31 223 126 31 224 124 32 225 126 32 226 127 32 227 128 5 228 129 5 229 130 5 230 128 5 231 130 5 232 131 5 233 132 33 234 133 34 235 134 35 236 132 33 237 134 35 238 135 36 239 136 37 240 137 38 241 138 39 242 136 37 243 138 39 244 139 40 245 140 41 246 141 42 247 142 43 248 140 41 249 142 43 250 143 44 251 144 45 252 145 46 253 146 47 254 144 45 255 146 47 256 147 48 257 148 49 258 149 50 259 150 51 260 148 49 261 150 51 262 151 52 263 152 53 264 153 54 265 154 55 266 152 53 267 154 55 268 155 56 269 156 57 270 157 58 271 158 59 272 156 57 273 158 59 274 159 60 275 160 61 276 161 62 277 162 63 278 160 61 279 162 63 280 163 64 281 164 65 282 165 66 283 166 67 284 164 65 285 166 67 286 167 68 287 168 69 288 169 70 289 170 71 290 168 69 291 170 71 292 171 72 293 172 73 294 173 74 295 174 75 296 172 73 297 174 75 298 175 76 299 176 77 300 177 78 301 178 79 302 176 77 303 178 79 304 179 80 305 180 81 306 181 82 307 182 83 308 180 81 309 182 83 310 183 84 311 184 85 312 185 86 313 186 87 314 184 85 315 186 87 316 187 88 317 188 89 318 189 90 319 190 91 320 188 89 321 190 91 322 191 92 323 192 93 324 193 94 325 194 95 326 192 93 327 194 95 328 195 96 329 196 97 330 197 98 331 198 99 332 196 97 333 198 99 334 199 100 335 200 101 336 201 102 337 202 103 338 200 101 339 202 103 340 203 104 341 204 105 342 205 106 343 206 107 344 204 105 345 206 107 346 207 108 347 208 109 348 209 110 349 210 111 350 208 109 351 210 111 352 211 112 353 212 113 354 213 114 355 214 115 356 212 113 357 214 115 358 215 116 359 216 117 360 217 118 361 218 119 362 216 117 363 218 119 364 219 120 365 220 121 366 221 122 367 222 123 368 220 121 369 222 123 370 223 124 371 224 125 372 225 126 373 226 127 374 224 125 375 226 127 376 227 128 377 228 129 378 229 130 379 230 131 380 228 129 381 230 131 382 231 132 383 232 133 384 233 134 385 234 135 386 232 133 387 234 135 388 235 136 389 236 137 390 237 138 391 238 139 392 236 137 393 238 139 394 239 140 395 240 141 396 241 142 397 242 143 398 240 141 399 242 143 400 243 144 401 244 145 402 245 146 403 246 147 404 244 145 405 246 147 406 247 148 407 248 149 408 249 149 409 250 149 410 248 149 411 250 149 412 251 149 413 252 150 414 253 150 415 254 150 416 252 150 417 254 150 418 255 150 419 256 151 420 257 152 421 258 153 422 256 151 423 258 153 424 259 154 425 260 2 426 261 2 427 262 2 428 260 2 429 262 2 430 263 2 431</p>
        </triangles>
      </mesh>
    </geometry>
    <geometry id="__06-mesh" name="6_0">
      <mesh>
        <source id="__06-mesh-positions">
          <float_array id="__06-mesh-positions-array" count="648">-0.002729952 0.23173 0.32902 -0.002729952 0.23173 0 -0.002729952 -0.23173 0 -0.002729952 -0.23173 0.32902 -0.002729952 0.23173 0.32902 -0.002729952 -0.23173 0.32902 7.6e-4 -0.23173 0.32902 7.6e-4 0.23173 0.32902 0.002119958 0.2304 0.32704 0.002119958 -0.2304 0.32704 0.002119958 -0.2304 0.001979947 0.002119958 0.2304 0.001979947 -0.002729952 -0.23173 0 -0.002729952 0.23173 0 7.6e-4 0.23173 0 7.6e-4 -0.23173 0 -0.002729952 -0.23173 0.32902 -0.002729952 -0.23173 0 7.6e-4 -0.23173 0 7.6e-4 -0.23173 0.32902 0.002119958 0.2304 0.32704 0.002119958 0.2304 0.001979947 7.6e-4 0.23173 0 7.6e-4 0.23173 0.32902 0.002119958 -0.2304 0.32704 0.002119958 0.2304 0.32704 7.6e-4 0.23173 0.32902 7.6e-4 -0.23173 0.32902 0.002119958 0.2304 0.001979947 0.002119958 -0.2304 0.001979947 7.6e-4 -0.23173 0 7.6e-4 0.23173 0 7.6e-4 -0.23173 0.32902 7.6e-4 -0.23173 0 0.002119958 -0.2304 0.001979947 0.002119958 -0.2304 0.32704 -0.002729952 0.23173 0 -0.002729952 0.23173 0.32902 7.6e-4 0.23173 0.32902 7.6e-4 0.23173 0 0.009829998 -0.05340999 0.31014 0.009829998 -0.05340999 0.30033 0.001459956 -0.10586 0.30033 0.001459956 -0.10586 0.31014 0.008919954 -0.10276 0.30791 0.008919954 -0.10276 0.30256 0.01629996 -0.05650997 0.30256 0.01629996 -0.05650997 0.30791 0.01466995 0.009479999 0.30033 0.009829998 0.009479999 0.30033 0.001459956 0.06193 0.30033 0.006299972 0.06193 0.30033 0.009829998 0.009479999 0.31014 0.01466995 0.009479999 0.31014 0.006299972 0.06193 0.31014 0.001459956 0.06193 0.31014 0.01629996 0.01257997 0.30791 0.01629996 0.01257997 0.30256 0.008919954 0.05882996 0.30256 0.008919954 0.05882996 0.30791 0.001459956 -0.10586 0.31014 0.006299972 -0.10586 0.31014 0.01466995 -0.05340999 0.31014 0.009829998 -0.05340999 0.31014 0.01679998 -0.05021995 0.30791 0.01679998 -0.05021995 0.30256 0.01679998 0.006289958 0.30256 0.01679998 0.006289958 0.30791 0.001459956 -0.10586 0.31014 0.001459956 -0.10586 0.30033 0.006299972 -0.10586 0.30033 0.006299972 -0.10586 0.31014 0.01466995 -0.05340999 0.30033 0.009829998 -0.05340999 0.30033 0.006299972 -0.10586 0.30033 0.001459956 -0.10586 0.30033 0.001459956 0.06193 0.31014 0.001459956 0.06193 0.30033 0.009829998 0.009479999 0.30033 0.009829998 0.009479999 0.31014 0.009829998 0.009479999 0.31014 0.009829998 0.009479999 0.30033 0.009829998 -0.05340999 0.30033 0.009829998 -0.05340999 0.31014 0.01629996 0.01257997 0.30791 0.01589995 0.01117998 0.30949 0.01639997 0.009489953 0.30932 0.01664996 0.009449958 0.30791 0.01466995 0.009479999 0.31014 0.01616996 0.007869958 0.30949 0.01639997 0.009489953 0.30932 0.01589995 0.01117998 0.30949 0.01679998 0.006289958 0.30791 0.01664996 0.009449958 0.30791 0.01639997 0.009489953 0.30932 0.01616996 0.007869958 0.30949 0.01629996 -0.05650997 0.30791 0.01664996 -0.05337995 0.30791 0.01639997 -0.05341994 0.30932 0.01589995 -0.05510997 0.30949 0.01679998 -0.05021995 0.30791 0.01616996 -0.05179995 0.30949 0.01639997 -0.05341994 0.30932 0.01664996 -0.05337995 0.30791 0.01466995 -0.05340999 0.31014 0.01589995 -0.05510997 0.30949 0.01639997 -0.05341994 0.30932 0.01616996 -0.05179995 0.30949 0.01629996 -0.05650997 0.30256 0.01589995 -0.05510997 0.30098 0.01639997 -0.05341994 0.30115 0.01664996 -0.05337995 0.30256 0.01466995 -0.05340999 0.30033 0.01616996 -0.05179995 0.30098 0.01639997 -0.05341994 0.30115 0.01589995 -0.05510997 0.30098 0.01679998 -0.05021995 0.30256 0.01664996 -0.05337995 0.30256 0.01639997 -0.05341994 0.30115 0.01616996 -0.05179995 0.30098 0.01629996 0.01257997 0.30256 0.01664996 0.009449958 0.30256 0.01639997 0.009489953 0.30115 0.01589995 0.01117998 0.30098 0.01679998 0.006289958 0.30256 0.01616996 0.007869958 0.30098 0.01639997 0.009489953 0.30115 0.01664996 0.009449958 0.30256 0.01466995 0.009479999 0.30033 0.01589995 0.01117998 0.30098 0.01639997 0.009489953 0.30115 0.01616996 0.007869958 0.30098 0.008919954 -0.10276 0.30256 0.008919954 -0.10276 0.30791 0.007949948 -0.10495 0.30949 0.007949948 -0.10495 0.30098 0.007949948 -0.10495 0.30098 0.007949948 -0.10495 0.30949 0.006299972 -0.10586 0.31014 0.006299972 -0.10586 0.30033 0.01466995 -0.05340999 0.31014 0.006299972 -0.10586 0.31014 0.007949948 -0.10495 0.30949 0.01589995 -0.05510997 0.30949 0.01589995 -0.05510997 0.30949 0.007949948 -0.10495 0.30949 0.008919954 -0.10276 0.30791 0.01629996 -0.05650997 0.30791 0.01466995 0.009479999 0.30033 0.006299972 0.06193 0.30033 0.007949948 0.06101995 0.30098 0.01589995 0.01117998 0.30098 0.01589995 0.01117998 0.30098 0.007949948 0.06101995 0.30098 0.008919954 0.05882996 0.30256 0.01629996 0.01257997 0.30256 0.006299972 0.06193 0.30033 0.006299972 0.06193 0.31014 0.007949948 0.06101995 0.30949 0.007949948 0.06101995 0.30098 0.007949948 0.06101995 0.30098 0.007949948 0.06101995 0.30949 0.008919954 0.05882996 0.30791 0.008919954 0.05882996 0.30256 0.006299972 0.06193 0.31014 0.01466995 0.009479999 0.31014 0.01589995 0.01117998 0.30949 0.007949948 0.06101995 0.30949 0.007949948 0.06101995 0.30949 0.01589995 0.01117998 0.30949 0.01629996 0.01257997 0.30791 0.008919954 0.05882996 0.30791 0.01466995 0.009479999 0.31014 0.01466995 -0.05340999 0.31014 0.01616996 -0.05179995 0.30949 0.01616996 0.007869958 0.30949 0.01616996 0.007869958 0.30949 0.01616996 -0.05179995 0.30949 0.01679998 -0.05021995 0.30791 0.01679998 0.006289958 0.30791 0.006299972 -0.10586 0.30033 0.01466995 -0.05340999 0.30033 0.01589995 -0.05510997 0.30098 0.007949948 -0.10495 0.30098 0.007949948 -0.10495 0.30098 0.01589995 -0.05510997 0.30098 0.01629996 -0.05650997 0.30256 0.008919954 -0.10276 0.30256 0.01466995 -0.05340999 0.30033 0.01466995 0.009479999 0.30033 0.01616996 0.007869958 0.30098 0.01616996 -0.05179995 0.30098 0.01616996 -0.05179995 0.30098 0.01616996 0.007869958 0.30098 0.01679998 0.006289958 0.30256 0.01679998 -0.05021995 0.30256 0.01679998 -0.05021995 0.30256 0.01679998 -0.05021995 0.30791 0.01664996 -0.05337995 0.30791 0.01664996 -0.05337995 0.30256 0.01664996 -0.05337995 0.30256 0.01664996 -0.05337995 0.30791 0.01629996 -0.05650997 0.30791 0.01629996 -0.05650997 0.30256 0.01629996 0.01257997 0.30256 0.01629996 0.01257997 0.30791 0.01664996 0.009449958 0.30791 0.01664996 0.009449958 0.30256 0.01664996 0.009449958 0.30256 0.01664996 0.009449958 0.30791 0.01679998 0.006289958 0.30791 0.01679998 0.006289958 0.30256 0.006299972 0.06193 0.31014 0.006299972 0.06193 0.30033 0.001459956 0.06193 0.30033 0.001459956 0.06193 0.31014</float_array>
          <technique_common>
            <accessor source="#__06-mesh-positions-array" count="216" stride="3">
              <param name="X" type="float"/>
              <param name="Y" type="float"/>
              <param name="Z" type="float"/>
            </accessor>
          </technique_common>
        </source>
        <source id="__06-mesh-normals">
          <float_array id="__06-mesh-normals-array" count="450">-1 0 0 0 0 1 1 0 0 0 0 -1 0 -1 0 0.6986982 0.7154166 0 0.698561 0.7155506 0 0.6986982 0.7154167 0 0.698561 0.7155506 0 0.8225417 0 0.5687049 0.8225812 0 0.5686478 0.8225539 0 0.5686874 0.8225417 0 0.5687049 0.8225439 0 -0.5687018 0.8225439 0 -0.5687018 0.8225439 0 -0.5687018 0.8225439 0 -0.5687018 0.6986296 -0.7154836 0 0.6986982 -0.7154166 0 0.6986982 -0.7154166 0 0.698561 -0.7155506 0 0 1 0 -0.9875054 0.1575859 0 -0.987505 0.1575881 0 0.9875072 -0.1575739 0 0.9875072 0.1575739 0 -0.9875054 -0.1575858 0 -0.987505 -0.1575881 0 0.9472296 0.157095 0.2794235 0.947233 0.1570935 0.2794126 0.9472342 0.1570903 0.2794101 0.9472336 0.1570914 0.2794113 0.427569 0.03493952 0.9033074 0.4275524 0.03490883 0.9033163 0.4274528 0.03496462 0.9033614 0.4275478 0.03495901 0.9033166 0.9584489 -0.006337642 0.285194 0.9584482 -0.006336629 0.2851961 0.9584455 -0.006343245 0.2852051 0.958451 -0.006332278 0.2851867 0.9472296 -0.1570948 0.2794234 0.947234 -0.157091 0.2794106 0.9472343 -0.1570901 0.2794097 0.9472329 -0.1570935 0.2794133 0.9584489 0.006337523 0.2851941 0.9584511 0.006332397 0.2851866 0.9584455 0.006343126 0.2852053 0.9584481 0.006336569 0.2851964 0.4274402 -0.03494155 0.9033682 0.427582 -0.03504717 0.903297 0.4274539 -0.0349642 0.9033609 0.4275526 -0.03490841 0.9033163 0.9472457 -0.1570773 -0.2793785 0.9472329 -0.1570935 -0.2794133 0.9472349 -0.1570928 -0.2794067 0.9472346 -0.1570948 -0.2794061 0.4278736 -0.03493338 -0.9031633 0.4275775 -0.03481721 -0.903308 0.4278758 -0.03484505 -0.9031656 0.4275369 -0.0349608 -0.9033218 0.9584481 0.006338477 -0.2851969 0.9584487 0.006337106 -0.2851946 0.9584451 0.00634396 -0.2852066 0.958449 0.006333589 -0.2851939 0.9472322 0.157095 -0.2794143 0.9472336 0.1570966 -0.2794089 0.9472358 0.1570916 -0.279404 0.947238 0.1570864 -0.2793994 0.9584489 -0.006337642 -0.285194 0.958451 -0.006332337 -0.2851867 0.9584455 -0.006343185 -0.2852052 0.9584482 -0.006336629 -0.2851962 0.4278724 0.03493326 -0.9031639 0.4275717 0.03504711 -0.9033019 0.4275789 0.03492599 -0.9033032 0.4275771 0.03481757 -0.9033081 0.9139587 -0.4058073 0 0.9139776 -0.4057645 0 0.9139584 -0.4058079 0 0.9139589 -0.4058071 0 0.4819279 -0.8762109 0 0.4819281 -0.8762109 0 0.4819701 -0.8761878 0 0.4819699 -0.8761878 0 0.3963828 -0.06324177 0.9159047 0.3963828 -0.06324183 0.9159047 0.3963828 -0.06324183 0.9159047 0.3965232 -0.06325674 0.9158428 0.9195542 -0.146709 0.3645499 0.9195471 -0.1467082 0.3645682 0.9195569 -0.1467095 0.3645427 0.919551 -0.1467084 0.3645584 0.3965153 0.06326013 -0.9158459 0.3965153 0.06326025 -0.9158459 0.3965153 0.06326019 -0.9158459 0.3965615 0.06325262 -0.9158264 0.9195513 0.1467086 -0.3645575 0.9195637 0.1467102 -0.3645255 0.9195562 0.1467093 -0.3645448 0.9195308 0.1467042 -0.3646108 0.4820958 0.8761186 0 0.4819702 0.8761878 0 0.4819701 0.8761878 0 0.4820117 0.8761648 0 0.9139584 0.405808 0 0.9139586 0.4058074 0 0.9139586 0.4058076 0 0.9139776 0.4057645 0 0.3965284 0.06327921 0.915839 0.3965073 0.06326174 0.9158493 0.3965073 0.06326168 0.9158493 0.3965073 0.06326168 0.9158493 0.9195576 0.1467097 0.3645412 0.9195519 0.1467088 0.364556 0.9195602 0.1467097 0.3645347 0.9195524 0.1467087 0.3645547 0.397621 0 0.9175497 0.3976266 0 0.9175474 0.9296586 -1.61957e-7 0.3684224 0.9296593 1.61584e-7 0.3684205 0.9296417 0 0.368465 0.9296585 0 0.3684225 0.3965126 -0.06327676 -0.9158459 0.3963338 -0.06323111 -0.9159266 0.3963338 -0.06323111 -0.9159265 0.3963338 -0.06323111 -0.9159266 0.9195604 -0.1467102 -0.3645339 0.9195467 -0.1467083 -0.3645694 0.919555 -0.1467092 -0.3645477 0.9195556 -0.1467093 -0.3645463 0.3975929 0 -0.9175619 0.3971866 0 -0.9177379 0.3971866 0 -0.9177379 0.3971866 0 -0.9177379 0.929646 1.58276e-7 -0.3684542 0.9296409 -1.57859e-7 -0.368467 0.9296587 0 -0.3684223 0.9296462 0 -0.3684537 0.9989491 -0.04583454 0 0.9989513 -0.04578661 -5.46902e-7 0.9989491 -0.04583454 0 0.9989513 -0.04578661 0 0.9938061 -0.1111281 0 0.9938061 -0.1111288 0 0.9938061 0.1111281 0 0.9938061 0.1111288 0 0.9989491 0.04583454 0 0.9989513 0.04578661 0 0.9989491 0.04583454 0 0.9989513 0.04578661 5.46902e-7</float_array>
          <technique_common>
            <accessor source="#__06-mesh-normals-array" count="150" stride="3">
              <param name="X" type="float"/>
              <param name="Y" type="float"/>
              <param name="Z" type="float"/>
            </accessor>
          </technique_common>
        </source>
        <source id="__06-mesh-map-0">
          <float_array id="__06-mesh-map-0-array" count="672">0 1 0.49119 1 0.49119 0.29569 0 1 0.49119 0.29569 0 0.29569 0.98986 0.29569 0.98986 1 0.99493 1 0.98986 0.29569 0.99493 1 0.99493 0.29569 0.49414 0.29771 0.49414 0.99797 0.97942 0.99797 0.49414 0.29771 0.97942 0.99797 0.97942 0.29771 0.99493 0.29569 0.99493 1 1 1 0.99493 0.29569 1 1 1 0.29569 0.98237 0.5 0.98237 1 0.98752 1 0.98237 0.5 0.98752 1 0.98752 0.5 0.98237 0.00300002 0.98237 0.497 0.98471 0.5 0.98237 0.00300002 0.98471 0.5 0.98471 0 0.49414 0.99797 0.49414 0.29771 0.49119 0.29569 0.49414 0.99797 0.49119 0.29569 0.49119 1 0.97942 0.29771 0.97942 0.99797 0.98237 1 0.97942 0.29771 0.98237 1 0.98237 0.29569 0.98752 0.5 0.98752 1 0.98986 0.997 0.98752 0.5 0.98986 0.997 0.98986 0.503 0.98986 0.5 0.98986 0 0.98471 0 0.98986 0.5 0.98471 0 0.98471 0.5 0.05858999 0.2159699 0.04394996 0.2159699 0.04394996 0.29569 0.05858999 0.2159699 0.04394996 0.29569 0.05858999 0.29569 0.06892997 0.04677999 0.06093996 0.04677999 0.06093996 0.11707 0.06892997 0.04677999 0.06093996 0.11707 0.06892997 0.11707 0.04113996 0.2159699 0.03412997 0.2159699 0.02196997 0.29569 0.04113996 0.2159699 0.02196997 0.29569 0.02898997 0.29569 0.009819984 0.2159699 0.002799987 0.2159699 0.01494997 0.29569 0.009819984 0.2159699 0.01494997 0.29569 0.02196997 0.29569 0.06892997 0.2220699 0.06093996 0.2220699 0.06093996 0.29235 0.06892997 0.2220699 0.06093996 0.29235 0.06892997 0.29235 0.02196997 0.04069 0.01494997 0.04069 0.002799987 0.1204 0.02196997 0.04069 0.002799987 0.1204 0.009819984 0.1204 0.06892997 0.12664 0.06093996 0.12664 0.06093996 0.2124999 0.06892997 0.12664 0.06093996 0.2124999 0.06892997 0.2124999 0.08105999 0.29569 0.08105999 0.28078 0.07393997 0.28078 0.08105999 0.29569 0.07393997 0.28078 0.07393997 0.29569 0.04113996 0.1204 0.03412997 0.1204 0.03412997 0.2159699 0.04113996 0.1204 0.03412997 0.2159699 0.04113996 0.2159699 0.02898997 0.04069 0.02196997 0.04069 0.03412997 0.1204 0.02898997 0.04069 0.03412997 0.1204 0.04113996 0.1204 0.009819984 0.1204 0.002799987 0.1204 0.002799987 0.2159699 0.009819984 0.1204 0.002799987 0.2159699 0.009819984 0.2159699 0.05858999 0.04069 0.04394996 0.04069 0.04394996 0.1204 0.05858999 0.04069 0.04394996 0.1204 0.05858999 0.1204 0.05858999 0.1204 0.04394996 0.1204 0.04394996 0.2159699 0.05858999 0.1204 0.04394996 0.2159699 0.05858999 0.2159699 0.06892997 0.2220699 0.07128 0.2199299 0.07102996 0.2173699 0.06892997 0.2220699 0.07102996 0.2173699 0.06892997 0.21731 0.002799987 0.2159699 3.9e-4 0.21353 0 0.21599 0.002799987 0.2159699 0 0.21599 7.8e-4 0.21855 0.06892997 0.2124999 0.06892997 0.21731 0.07102996 0.2173699 0.06892997 0.2124999 0.07102996 0.2173699 0.07128 0.2149099 0.06892997 0.11707 0.06892997 0.1218199 0.07102996 0.12176 0.06892997 0.11707 0.07102996 0.12176 0.07128 0.1191999 0.06892997 0.12664 0.07128 0.12422 0.07102996 0.12176 0.06892997 0.12664 0.07102996 0.12176 0.06892997 0.1218199 0.002799987 0.1204 7.8e-4 0.11782 0 0.1203799 0.002799987 0.1204 0 0.1203799 3.9e-4 0.1228399 0.06093996 0.11707 0.05858999 0.1191999 0.05883997 0.12176 0.06093996 0.11707 0.05883997 0.12176 0.06093996 0.1218199 0.04113996 0.1204 0.04355996 0.1228399 0.04394996 0.1203799 0.04113996 0.1204 0.04394996 0.1203799 0.04316997 0.11782 0.06093996 0.12664 0.06093996 0.1218199 0.05883997 0.12176 0.06093996 0.12664 0.05883997 0.12176 0.05858999 0.12422 0.06093996 0.2220699 0.06093996 0.21731 0.05883997 0.2173699 0.06093996 0.2220699 0.05883997 0.2173699 0.05858999 0.2199299 0.06093996 0.2124999 0.05858999 0.2149099 0.05883997 0.2173699 0.06093996 0.2124999 0.05883997 0.2173699 0.06093996 0.21731 0.04113996 0.2159699 0.04316997 0.21855 0.04394996 0.21599 0.04113996 0.2159699 0.04394996 0.21599 0.04355996 0.21353 0.06093996 0.04677999 0.06892997 0.04677999 0.07128 0.04344999 0.06093996 0.04677999 0.07128 0.04344999 0.05858999 0.04344999 0.07128 0.28177 0.07128 0.2947 0.07393997 0.29569 0.07128 0.28177 0.07393997 0.29569 0.07393997 0.28078 0.002799987 0.1204 0.01494997 0.04069 0.01232999 0.04206997 0.002799987 0.1204 0.01232999 0.04206997 7.8e-4 0.11782 0.07128 0.1191999 0.07128 0.04344999 0.06892997 0.04677999 0.07128 0.1191999 0.06892997 0.04677999 0.06892997 0.11707 0.04113996 0.2159699 0.02898997 0.29569 0.03161996 0.29431 0.04113996 0.2159699 0.03161996 0.29431 0.04316997 0.21855 0.05858999 0.2199299 0.05858999 0.29569 0.06093996 0.29235 0.05858999 0.2199299 0.06093996 0.29235 0.06093996 0.2220699 0.08370995 0.29569 0.08370995 0.28078 0.08105999 0.28177 0.08370995 0.29569 0.08105999 0.28177 0.08105999 0.2947 0.05858999 0.29569 0.07128 0.29569 0.06892997 0.29235 0.05858999 0.29569 0.06892997 0.29235 0.06093996 0.29235 0.01494997 0.29569 0.002799987 0.2159699 7.8e-4 0.21855 0.01494997 0.29569 7.8e-4 0.21855 0.01232999 0.29431 0.07128 0.29569 0.07128 0.2199299 0.06892997 0.2220699 0.07128 0.29569 0.06892997 0.2220699 0.06892997 0.29235 0.002799987 0.2159699 0.002799987 0.1204 3.9e-4 0.1228399 0.002799987 0.2159699 3.9e-4 0.1228399 3.9e-4 0.21353 0.07128 0.2149099 0.07128 0.12422 0.06892997 0.12664 0.07128 0.2149099 0.06892997 0.12664 0.06892997 0.2124999 0.02898997 0.04069 0.04113996 0.1204 0.04316997 0.11782 0.02898997 0.04069 0.04316997 0.11782 0.03161996 0.04206997 0.05858999 0.04344999 0.05858999 0.1191999 0.06093996 0.11707 0.05858999 0.04344999 0.06093996 0.11707 0.06093996 0.04677999 0.04113996 0.1204 0.04113996 0.2159699 0.04355996 0.21353 0.04113996 0.1204 0.04355996 0.21353 0.04355996 0.1228399 0.05858999 0.12422 0.05858999 0.2149099 0.06093996 0.2124999 0.05858999 0.12422 0.06093996 0.2124999 0.06093996 0.12664 0.06093996 0.12664 0.06892997 0.12664 0.06892997 0.1218199 0.06093996 0.12664 0.06892997 0.1218199 0.06093996 0.1218199 0.06093996 0.1218199 0.06892997 0.1218199 0.06892997 0.11707 0.06093996 0.1218199 0.06892997 0.11707 0.06093996 0.11707 0.06093996 0.2220699 0.06892997 0.2220699 0.06892997 0.21731 0.06093996 0.2220699 0.06892997 0.21731 0.06093996 0.21731 0.06093996 0.21731 0.06892997 0.21731 0.06892997 0.2124999 0.06093996 0.21731 0.06892997 0.2124999 0.06093996 0.2124999 0.08370995 0.28078 0.08370995 0.29569 0.09082996 0.29569 0.08370995 0.28078 0.09082996 0.29569 0.09082996 0.28078</float_array>
          <technique_common>
            <accessor source="#__06-mesh-map-0-array" count="336" stride="2">
              <param name="S" type="float"/>
              <param name="T" type="float"/>
            </accessor>
          </technique_common>
        </source>
        <vertices id="__06-mesh-vertices">
          <input semantic="POSITION" source="#__06-mesh-positions"/>
        </vertices>
        <triangles material="material_5-material" count="112">
          <input semantic="VERTEX" source="#__06-mesh-vertices" offset="0"/>
          <input semantic="NORMAL" source="#__06-mesh-normals" offset="1"/>
          <input semantic="TEXCOORD" source="#__06-mesh-map-0" offset="2" set="0"/>
          <p>0 0 0 1 0 1 2 0 2 0 0 3 2 0 4 3 0 5 4 1 6 5 1 7 6 1 8 4 1 9 6 1 10 7 1 11 8 2 12 9 2 13 10 2 14 8 2 15 10 2 16 11 2 17 12 3 18 13 3 19 14 3 20 12 3 21 14 3 22 15 3 23 16 4 24 17 4 25 18 4 26 16 4 27 18 4 28 19 4 29 20 5 30 21 6 31 22 7 32 20 5 33 22 7 34 23 8 35 24 9 36 25 10 37 26 11 38 24 9 39 26 11 40 27 12 41 28 13 42 29 14 43 30 15 44 28 13 45 30 15 46 31 16 47 32 17 48 33 18 49 34 19 50 32 17 51 34 19 52 35 20 53 36 21 54 37 21 55 38 21 56 36 21 57 38 21 58 39 21 59 40 22 60 41 22 61 42 22 62 40 23 63 42 23 64 43 23 65 44 24 66 45 24 67 46 24 68 44 24 69 46 24 70 47 24 71 48 3 72 49 3 73 50 3 74 48 3 75 50 3 76 51 3 77 52 1 78 53 1 79 54 1 80 52 1 81 54 1 82 55 1 83 56 25 84 57 25 85 58 25 86 56 25 87 58 25 88 59 25 89 60 1 90 61 1 91 62 1 92 60 1 93 62 1 94 63 1 95 64 2 96 65 2 97 66 2 98 64 2 99 66 2 100 67 2 101 68 4 102 69 4 103 70 4 104 68 4 105 70 4 106 71 4 107 72 3 108 73 3 109 49 3 110 72 3 111 49 3 112 48 3 113 74 3 114 75 3 115 73 3 116 74 3 117 73 3 118 72 3 119 63 1 120 62 1 121 53 1 122 63 1 123 53 1 124 52 1 125 76 26 126 77 26 127 78 26 128 76 27 129 78 27 130 79 27 131 80 0 132 81 0 133 82 0 134 80 0 135 82 0 136 83 0 137 84 28 138 85 29 139 86 30 140 84 28 141 86 30 142 87 31 143 88 32 144 89 33 145 90 34 146 88 32 147 90 34 148 91 35 149 92 36 150 93 37 151 94 38 152 92 36 153 94 38 154 95 39 155 96 40 156 97 41 157 98 42 158 96 40 159 98 42 160 99 43 161 100 44 162 101 45 163 102 46 164 100 44 165 102 46 166 103 47 167 104 48 168 105 49 169 106 50 170 104 48 171 106 50 172 107 51 173 108 52 174 109 53 175 110 54 176 108 52 177 110 54 178 111 55 179 112 56 180 113 57 181 114 58 182 112 56 183 114 58 184 115 59 185 116 60 186 117 61 187 118 62 188 116 60 189 118 62 190 119 63 191 120 64 192 121 65 193 122 66 194 120 64 195 122 66 196 123 67 197 124 68 198 125 69 199 126 70 200 124 68 201 126 70 202 127 71 203 128 72 204 129 73 205 130 74 206 128 72 207 130 74 208 131 75 209 132 76 210 133 77 211 134 78 212 132 76 213 134 78 214 135 79 215 136 80 216 137 81 217 138 82 218 136 80 219 138 82 220 139 83 221 140 84 222 141 85 223 142 86 224 140 87 225 142 87 226 143 87 227 144 88 228 145 89 229 146 90 230 144 88 231 146 90 232 147 91 233 148 92 234 149 93 235 150 94 236 148 95 237 150 95 238 151 95 239 152 96 240 153 97 241 154 98 242 152 96 243 154 98 244 155 99 245 156 100 246 157 101 247 158 102 248 156 100 249 158 102 250 159 103 251 160 104 252 161 105 253 162 106 254 160 104 255 162 106 256 163 107 257 164 108 258 165 108 259 166 108 260 164 109 261 166 110 262 167 111 263 168 112 264 169 113 265 170 114 266 168 112 267 170 114 268 171 115 269 172 116 270 173 116 271 174 116 272 172 117 273 174 117 274 175 117 275 176 118 276 177 119 277 178 120 278 176 118 279 178 120 280 179 121 281 180 122 282 181 122 283 182 122 284 180 123 285 182 124 286 183 125 287 184 126 288 185 127 289 186 128 290 184 126 291 186 128 292 187 129 293 188 130 294 189 130 295 190 130 296 188 131 297 190 132 298 191 133 299 192 134 300 193 135 301 194 136 302 192 134 303 194 136 304 195 137 305 196 138 306 197 139 307 198 140 308 196 138 309 198 140 310 199 141 311 200 142 312 201 142 313 202 142 314 200 143 315 202 143 316 203 143 317 204 144 318 205 144 319 206 144 320 204 145 321 206 145 322 207 145 323 208 146 324 209 147 325 210 148 326 208 146 327 210 148 328 211 149 329 212 21 330 213 21 331 214 21 332 212 21 333 214 21 334 215 21 335</p>
        </triangles>
      </mesh>
    </geometry>
    <geometry id="Stol_0-mesh" name="Stol_0">
      <mesh>
        <source id="Stol_0-mesh-positions">
          <float_array id="Stol_0-mesh-positions-array" count="318">0.2362599 -1.2e-4 -0.27268 0.2362599 -1.2e-4 -0.6202 -0.1772 -1.2e-4 -0.6202 -0.1772 -1.2e-4 -0.27268 0.2362599 -0.59079 -0.27268 -0.1772 -0.59079 -0.6202 0.2362599 -0.59079 -0.6202 0.2362599 -0.58153 -0.28193 0.2362599 -0.58153 -0.61094 -0.17133 -0.58153 -0.61094 -0.17133 -0.58153 -0.28193 0.2362599 -1.2e-4 -0.6202 0.2362599 -0.59079 -0.6202 -0.1772 -0.59079 -0.6202 -0.1772 -1.2e-4 -0.6202 -0.1772 -1.2e-4 0.27268 -0.1772 -0.59079 0.6202 -0.1772 -1.2e-4 0.6202 0.23627 -0.59079 0.6202 0.2362599 -1.2e-4 0.6202 -0.1772 -1.2e-4 0.6202 -0.1772 -0.59079 0.6202 -0.1772 -1.2e-4 -0.6202 -0.1772 -0.59079 -0.6202 -0.1772 -1.2e-4 -0.27268 0.23627 -0.58153 0.61094 0.2362599 -0.58153 0.28193 -0.17133 -0.58153 0.28193 -0.17133 -0.58153 0.61094 0.23627 -0.59079 0.6202 -0.1772 -0.59079 0.6202 0.2362599 -0.59079 0.27268 0.2362599 -1.2e-4 0.6202 0.2362599 -1.2e-4 0.27268 -0.1772 -1.2e-4 0.27268 -0.1772 -1.2e-4 0.6202 0.2362599 -0.009369969 -0.28193 0.2362599 -0.009369969 -0.61094 0.2362599 -1.2e-4 -0.6202 0.2362599 -1.2e-4 -0.27268 0.23627 -0.58153 0.61094 0.2362599 -0.009369969 0.61094 0.2362599 -1.2e-4 0.6202 0.23627 -0.59079 0.6202 0.2362599 -0.58153 -0.61094 0.2362599 -0.59079 -0.6202 0.2362599 -0.58153 -0.28193 0.2362599 -0.59079 -0.27268 0.2362599 -0.009369969 0.28193 0.2362599 -1.2e-4 0.27268 0.2362599 -0.58153 0.28193 0.2362599 -0.59079 0.27268 0.2362599 -0.58156 0.27268 0.2362599 -0.58156 -0.27268 -0.17133 -0.009369969 -0.28193 -0.17133 -0.58153 -0.28193 -0.17133 -0.58153 -0.61094 -0.17133 -0.009369969 -0.61094 -0.17133 -0.009369969 0.61094 -0.17133 -0.58153 0.61094 -0.17133 -0.58153 0.28193 -0.17133 -0.009369969 0.28193 0.2362599 -0.009369969 0.61094 0.23627 -0.58153 0.61094 -0.17133 -0.58153 0.61094 -0.17133 -0.009369969 0.61094 0.2362599 -0.58153 0.28193 0.2362599 -0.009369969 0.28193 -0.17133 -0.009369969 0.28193 -0.17133 -0.58153 0.28193 0.2362599 -0.009369969 0.28193 0.2362599 -0.009369969 0.61094 -0.17133 -0.009369969 0.61094 -0.17133 -0.009369969 0.28193 0.2362599 -0.58153 -0.61094 0.2362599 -0.009369969 -0.61094 -0.17133 -0.009369969 -0.61094 -0.17133 -0.58153 -0.61094 0.2362599 -0.009369969 -0.61094 0.2362599 -0.009369969 -0.28193 -0.17133 -0.009369969 -0.28193 -0.17133 -0.009369969 -0.61094 0.2362599 -0.009369969 -0.28193 0.2362599 -0.58153 -0.28193 -0.17133 -0.58153 -0.28193 -0.17133 -0.009369969 -0.28193 0.2362599 -0.58156 0.27268 0.2362599 -0.58156 -0.27268 -0.17133 -0.58156 -0.27268 -0.17133 -0.58156 0.27268 -0.17133 -0.58156 0.27268 -0.17133 -0.58156 -0.27268 -0.17133 -1.2e-4 -0.27268 -0.17133 -1.2e-4 0.27268 0.2362599 -0.58156 -0.27268 0.2362599 -1.2e-4 -0.27268 -0.17133 -1.2e-4 -0.27268 -0.17133 -0.58156 -0.27268 0.2362599 -1.2e-4 0.27268 0.2362599 -0.58156 0.27268 -0.17133 -0.58156 0.27268 -0.17133 -1.2e-4 0.27268 -0.1772 -1.2e-4 -0.27268 -0.1772 -1.2e-4 0.27268 -0.17133 -1.2e-4 0.27268 -0.17133 -1.2e-4 -0.27268</float_array>
          <technique_common>
            <accessor source="#Stol_0-mesh-positions-array" count="106" stride="3">
              <param name="X" type="float"/>
              <param name="Y" type="float"/>
              <param name="Z" type="float"/>
            </accessor>
          </technique_common>
        </source>
        <source id="Stol_0-mesh-normals">
          <float_array id="Stol_0-mesh-normals-array" count="42">0 -1 0 -1 0 0 1 0 0 0 1 0 0 0 -1 0 0 1 1 7.65049e-7 0 1 4.63552e-6 0 1 1.749e-5 -1.74563e-5 1 1.69421e-5 1.69277e-5 1 -3.05689e-6 0 1 3.0602e-6 0 1 -3.22502e-5 -3.03901e-5 1 2.77831e-5 -2.87717e-5</float_array>
          <technique_common>
            <accessor source="#Stol_0-mesh-normals-array" count="14" stride="3">
              <param name="X" type="float"/>
              <param name="Y" type="float"/>
              <param name="Z" type="float"/>
            </accessor>
          </technique_common>
        </source>
        <source id="Stol_0-mesh-map-0">
          <float_array id="Stol_0-mesh-map-0-array" count="396">0.63374 0.86897 0.46943 1 0.63374 1 0.46943 0.86897 0.23472 1 0.46943 1 0.46943 0.5323 0.23472 0.5323 0.46943 0.66334 0.63374 0.5323 0.46943 0.5323 0.63374 0.66334 0.00367999 0.87245 0.003659963 0.86897 0 0.86897 0.003659963 0.66334 0.00367999 0.65985 0 0.66334 0.21671 0.30959 0.35481 0.30959 0.35481 0.1536899 0.21671 0.30959 0.35481 0.1536899 0.21671 0.1536899 0.21671 0.1536899 0.34746 0.1536899 0.34746 0 0.21671 0.1536899 0.34746 0 0.21671 0 0.38101 0.30959 0.38101 0.5323 0.54532 0.5323 0.38101 0.30959 0.54532 0.5323 0.54532 0.30959 0.21671 0.30959 0.21671 0.5323 0.38101 0.5323 0.21671 0.30959 0.38101 0.5323 0.38101 0.30959 1 0.37861 0.86926 0.37861 0.86926 0.5323 1 0.37861 0.86926 0.5323 1 0.5323 0.35481 0.30959 0.49291 0.30959 0.49291 0.1536899 0.35481 0.30959 0.49291 0.1536899 0.35481 0.1536899 0.46943 0.5323 0.46943 1 0.63374 0.86897 0.46943 0.5323 0.63374 0.86897 0.63374 0.66334 0.23472 0.5323 0.23472 1 0.46943 0.86897 0.23472 0.5323 0.46943 0.86897 0.46943 0.66334 0.23104 0.87245 0.23104 0.99651 0.23472 1 0.23104 0.87245 0.23472 1 0.23472 0.86897 0.00367999 0.53579 0.23104 0.53579 0.23472 0.5323 0.00367999 0.53579 0.23472 0.5323 0 0.5323 0.23104 0.99651 0.00367999 0.99651 0 1 0.23104 0.99651 0 1 0.23472 1 0.00367999 0.99651 0.00367999 0.87245 0 0.86897 0.00367999 0.99651 0 0.86897 0 1 0.23104 0.53579 0.23104 0.65985 0.23472 0.66334 0.23104 0.53579 0.23472 0.66334 0.23472 0.5323 0.00367999 0.65985 0.00367999 0.53579 0 0.5323 0.00367999 0.65985 0 0.5323 0 0.66334 0.23104 0.65985 0.00367999 0.65985 0.003659963 0.66334 0.23104 0.65985 0.003659963 0.66334 0.23472 0.66334 0.92645 0.78076 0.92645 0.56503 0.79571 0.56503 0.92645 0.78076 0.79571 0.56503 0.79571 0.78076 0.92645 1 0.92645 0.78426 0.79571 0.78426 0.92645 1 0.79571 0.78426 0.79571 1 0 0.09732997 0 0.31306 0.16197 0.31306 0 0.09732997 0.16197 0.31306 0.16197 0.09732997 0.86926 0.5323 0.86926 0.31656 0.70729 0.31656 0.86926 0.5323 0.70729 0.31656 0.70729 0.5323 1 0.07124 0.86926 0.07124 0.86926 0.2249299 1 0.07124 0.86926 0.2249299 1 0.2249299 0.86926 0.31656 0.86926 0.10083 0.70729 0.10083 0.86926 0.31656 0.70729 0.10083 0.70729 0.31656 0.86926 0.37861 1 0.37861 1 0.2249299 0.86926 0.37861 1 0.2249299 0.86926 0.2249299 0.63374 0.56503 0.63374 0.78076 0.79571 0.78076 0.63374 0.56503 0.79571 0.78076 0.79571 0.56503 0.003659963 0.86897 0.003659963 0.66334 0 0.66334 0.003659963 0.86897 0 0.66334 0 0.86897 0.54532 0.1074299 0.54532 0.31306 0.70729 0.31306 0.54532 0.1074299 0.70729 0.31306 0.70729 0.1074299 0.21671 0.31306 0 0.31306 0 0.5323 0.21671 0.31306 0 0.5323 0.21671 0.5323 0.70729 0.5323 0.70729 0.31306 0.54532 0.31306 0.70729 0.5323 0.54532 0.31306 0.54532 0.5323 0.63374 0.78076 0.63374 1 0.79571 1 0.63374 0.78076 0.79571 1 0.79571 0.78076 0.92645 0.79437 0.92645 1 0.92878 1 0.92645 0.79437 0.92878 1 0.92878 0.79437 0.003659963 0.86897 0.00367999 0.87245 0.23104 0.87245 0.003659963 0.86897 0.23104 0.87245 0.23472 0.86897</float_array>
          <technique_common>
            <accessor source="#Stol_0-mesh-map-0-array" count="198" stride="2">
              <param name="S" type="float"/>
              <param name="T" type="float"/>
            </accessor>
          </technique_common>
        </source>
        <vertices id="Stol_0-mesh-vertices">
          <input semantic="POSITION" source="#Stol_0-mesh-positions"/>
        </vertices>
        <triangles material="Stol-material" count="66">
          <input semantic="VERTEX" source="#Stol_0-mesh-vertices" offset="0"/>
          <input semantic="NORMAL" source="#Stol_0-mesh-normals" offset="1"/>
          <input semantic="TEXCOORD" source="#Stol_0-mesh-map-0" offset="2" set="0"/>
          <p>4 0 0 5 0 1 6 0 2 15 1 3 16 1 4 17 1 5 22 1 6 23 1 7 24 1 8 29 0 9 30 0 10 31 0 11 46 2 12 53 2 13 47 2 14 52 2 15 50 2 16 51 2 17 0 3 18 1 3 19 2 3 20 0 3 21 2 3 22 3 3 23 7 3 24 8 3 25 9 3 26 7 3 27 9 3 28 10 3 29 11 4 30 12 4 31 13 4 32 11 4 33 13 4 34 14 4 35 18 5 36 19 5 37 20 5 38 18 5 39 20 5 40 21 5 41 25 3 42 26 3 43 27 3 44 25 3 45 27 3 46 28 3 47 32 3 48 33 3 49 34 3 50 32 3 51 34 3 52 35 3 53 30 0 54 5 0 55 4 0 56 30 0 57 4 0 58 31 0 59 23 1 60 16 1 61 15 1 62 23 1 63 15 1 64 24 1 65 36 6 66 37 6 67 38 6 68 36 7 69 38 7 70 39 7 71 40 8 72 41 8 73 42 8 74 40 9 75 42 9 76 43 9 77 37 2 78 44 2 79 45 2 80 37 2 81 45 2 82 38 2 83 44 10 84 46 10 85 47 10 86 44 2 87 47 2 88 45 2 89 41 11 90 48 11 91 49 11 92 41 2 93 49 2 94 42 2 95 50 12 96 40 12 97 43 12 98 50 13 99 43 13 100 51 13 101 48 2 102 50 2 103 52 2 104 48 2 105 52 2 106 49 2 107 54 2 108 55 2 109 56 2 110 54 2 111 56 2 112 57 2 113 58 2 114 59 2 115 60 2 116 58 2 117 60 2 118 61 2 119 62 4 120 63 4 121 64 4 122 62 4 123 64 4 124 65 4 125 66 5 126 67 5 127 68 5 128 66 5 129 68 5 130 69 5 131 70 0 132 71 0 133 72 0 134 70 0 135 72 0 136 73 0 137 74 5 138 75 5 139 76 5 140 74 5 141 76 5 142 77 5 143 78 0 144 79 0 145 80 0 146 78 0 147 80 0 148 81 0 149 82 4 150 83 4 151 84 4 152 82 4 153 84 4 154 85 4 155 53 2 156 52 2 157 51 2 158 53 2 159 51 2 160 47 2 161 86 3 162 87 3 163 88 3 164 86 3 165 88 3 166 89 3 167 90 2 168 91 2 169 92 2 170 90 2 171 92 2 172 93 2 173 94 5 174 95 5 175 96 5 176 94 5 177 96 5 178 97 5 179 98 4 180 99 4 181 100 4 182 98 4 183 100 4 184 101 4 185 102 3 186 103 3 187 104 3 188 102 3 189 104 3 190 105 3 191 53 2 192 46 2 193 36 2 194 53 2 195 36 2 196 39 2 197</p>
        </triangles>
      </mesh>
    </geometry>
  </library_geometries>
  <library_visual_scenes>
    <visual_scene id="Scene" name="Scene">
      <node id="Sketchfab_model" name="Sketchfab_model" type="NODE">
        <matrix sid="transform">1.584725 0 0 0 0 -2.12922e-7 1.584726 0 0 -1.584726 -2.12922e-7 0 0 0 0 1</matrix>
        <node id="Root" name="Root" type="NODE">
          <matrix sid="transform">0.9999999 0 0 0 0 0.9999999 0 0 0 0 0.9999999 0 0 0 0 0.9999999</matrix>
          <node id="Stol" name="Stol" type="NODE">
            <matrix sid="transform">0.9999999 0 0 0.49228 0 0.9999999 0 -0.006589999 0 0 0.9999999 0.00126 0 0 0 0.9999999</matrix>
            <node id="Stol_0" name="Stol_0" type="NODE">
              <matrix sid="transform">0.9999999 0 0 2.98023e-8 0 0.9999999 0 -1.69292e-10 0 0 0.9999999 0 0 0 0 0.9999999</matrix>
              <instance_geometry url="#Stol_0-mesh" name="Stol_0">
                <bind_material>
                  <technique_common>
                    <instance_material symbol="Stol-material" target="#Stol-material">
                      <bind_vertex_input semantic="UVMap" input_semantic="TEXCOORD" input_set="0"/>
                    </instance_material>
                  </technique_common>
                </bind_material>
              </instance_geometry>
            </node>
          </node>
          <node id="_" name="6" type="NODE">
            <matrix sid="transform">0.9999999 0 0 0.73128 0 0.9999999 0 -0.24769 0 0 0.9999999 -0.6096799 0 0 0 0.9999999</matrix>
            <node id="__06" name="6_0" type="NODE">
              <matrix sid="transform">0.9999999 0 0 0 0 0.9999999 0 2.23112e-8 0 0 0.9999999 5.96046e-8 0 0 0 0.9999999</matrix>
              <instance_geometry url="#__06-mesh" name="6_0">
                <bind_material>
                  <technique_common>
                    <instance_material symbol="material_5-material" target="#material_5-material">
                      <bind_vertex_input semantic="UVMap" input_semantic="TEXCOORD" input_set="0"/>
                    </instance_material>
                  </technique_common>
                </bind_material>
              </instance_geometry>
            </node>
          </node>
          <node id="_2" name="2" type="NODE">
            <matrix sid="transform">0.9999999 0 0 0.7332599 0 0.9999999 0 -0.53565 0 0 0.9999999 0.4477 0 0 0 0.9999999</matrix>
            <node id="__05" name="2_0" type="NODE">
              <matrix sid="transform">0.9999999 0 0 0 0 0.9999999 0 -5.47814e-10 0 0 0.9999999 -2.98023e-8 0 0 0 0.9999999</matrix>
              <instance_geometry url="#__05-mesh" name="2_0">
                <bind_material>
                  <technique_common>
                    <instance_material symbol="material_4-material" target="#material_4-material">
                      <bind_vertex_input semantic="UVMap" input_semantic="TEXCOORD" input_set="0"/>
                    </instance_material>
                  </technique_common>
                </bind_material>
              </instance_geometry>
            </node>
          </node>
          <node id="_3" name="1" type="NODE">
            <matrix sid="transform">0.9999999 0 0 0.7332599 0 0.9999999 0 -0.53565 0 0 0.9999999 -0.4451699 0 0 0 0.9999999</matrix>
            <node id="__04" name="1_0" type="NODE">
              <matrix sid="transform">0.9999999 0 0 0 0 0.9999999 0 5.98125e-8 0 0 0.9999999 0 0 0 0 0.9999999</matrix>
              <instance_geometry url="#__04-mesh" name="1_0">
                <bind_material>
                  <technique_common>
                    <instance_material symbol="material_3-material" target="#material_3-material">
                      <bind_vertex_input semantic="UVMap" input_semantic="TEXCOORD" input_set="0"/>
                    </instance_material>
                  </technique_common>
                </bind_material>
              </instance_geometry>
            </node>
          </node>
          <node id="_4" name="3" type="NODE">
            <matrix sid="transform">0.9999999 0 0 0.73338 0 0.9999999 0 -0.4099 0 0 0.9999999 0.4476999 0 0 0 0.9999999</matrix>
            <node id="__03" name="3_0" type="NODE">
              <matrix sid="transform">0.9999999 0 0 -5.96046e-8 0 0.9999999 0 -5.47807e-10 0 0 0.9999999 -2.98023e-8 0 0 0 0.9999999</matrix>
              <instance_geometry url="#__03-mesh" name="3_0">
                <bind_material>
                  <technique_common>
                    <instance_material symbol="material_2-material" target="#material_2-material">
                      <bind_vertex_input semantic="UVMap" input_semantic="TEXCOORD" input_set="0"/>
                    </instance_material>
                  </technique_common>
                </bind_material>
              </instance_geometry>
            </node>
          </node>
          <node id="_5" name="4" type="NODE">
            <matrix sid="transform">0.9999999 0 0 0.7333699 0 0.9999999 0 -0.27269 0 0 0.9999999 0.4477 0 0 0 0.9999999</matrix>
            <node id="__02" name="4_0" type="NODE">
              <matrix sid="transform">0.9999999 0 0 -5.96046e-8 0 0.9999999 0 -5.47807e-10 0 0 0.9999999 -2.98023e-8 0 0 0 0.9999999</matrix>
              <instance_geometry url="#__02-mesh" name="4_0">
                <bind_material>
                  <technique_common>
                    <instance_material symbol="material_1-material" target="#material_1-material">
                      <bind_vertex_input semantic="UVMap" input_semantic="TEXCOORD" input_set="0"/>
                    </instance_material>
                  </technique_common>
                </bind_material>
              </instance_geometry>
            </node>
          </node>
          <node id="_6" name="5" type="NODE">
            <matrix sid="transform">0.9999999 0 0 0.7333699 0 0.9999999 0 -0.11048 0 0 0.9999999 0.4477 0 0 0 0.9999999</matrix>
            <node id="__0" name="5_0" type="NODE">
              <matrix sid="transform">0.9999999 0 0 -5.96046e-8 0 0.9999999 0 6.90277e-9 0 0 0.9999999 0 0 0 0 0.9999999</matrix>
              <instance_geometry url="#__0-mesh" name="5_0">
                <bind_material>
                  <technique_common>
                    <instance_material symbol="material-material" target="#material-material">
                      <bind_vertex_input semantic="UVMap" input_semantic="TEXCOORD" input_set="0"/>
                    </instance_material>
                  </technique_common>
                </bind_material>
              </instance_geometry>
            </node>
          </node>
        </node>
      </node>
    </visual_scene>
  </library_visual_scenes>
  <scene>
    <instance_visual_scene url="#Scene"/>
  </scene>
</COLLADA>